"Sample","Bee_spp","Site","Date","Plant_spp_morpho","Count","Observation"
NA,"appositus","Avery.Wash","2015-06-17","Delphinium nuttallianum",5,"Field"
NA,"appositus","Avery.Wash","2015-06-26","Lathyrus lanszwertii",1,"Field"
NA,"appositus","Avery.Wash","2015-07-02","Aquilegia coerulea",1,"Field"
NA,"appositus","Avery.Wash","2015-07-02","Delphinium nuttallianum",1,"Field"
NA,"appositus","Avery.Wash","2015-07-02","Hydrophyllum fendleri",1,"Field"
NA,"appositus","Avery.Wash","2015-07-02","Lathyrus lanszwertii",2,"Field"
NA,"appositus","Avery.Wash","2015-07-02","Vicia americana",3,"Field"
7,"appositus","Avery.Wash","2015-07-02","C",9860,"Microscopy"
7,"appositus","Avery.Wash","2015-07-02","B",64,"Microscopy"
7,"appositus","Avery.Wash","2015-07-02","D",2,"Microscopy"
7,"appositus","Avery.Wash","2015-07-02","CONIFER",5,"Microscopy"
7,"appositus","Avery.Wash","2015-07-02","MERTENSIA",1,"Microscopy"
7,"appositus","Avery.Wash","2015-07-02","ASTERACEAE_1",2,"Microscopy"
7,"appositus","Avery.Wash","2015-07-02","UNKNOWN",1,"Microscopy"
8,"appositus","Avery.Wash","2015-07-02","C",279,"Microscopy"
8,"appositus","Avery.Wash","2015-07-02","B",1344,"Microscopy"
8,"appositus","Avery.Wash","2015-07-02","MERTENSIA",22,"Microscopy"
8,"appositus","Avery.Wash","2015-07-02","UNKNOWN",2,"Microscopy"
8,"appositus","Avery.Wash","2015-07-02","CONIFER",4,"Microscopy"
8,"appositus","Avery.Wash","2015-07-02","ASTERACEAE_1",11,"Microscopy"
8,"appositus","Avery.Wash","2015-07-02","PEDICULARIS",1,"Microscopy"
NA,"appositus","Avery.Wash","2015-07-10","Delphinium barbeyi",2,"Field"
NA,"appositus","Avery.Wash","2015-07-10","Hydrophyllum fendleri",1,"Field"
NA,"appositus","Avery.Wash","2015-07-10","Vicia americana",1,"Field"
NA,"appositus","Avery.Wash","2015-07-16","Vicia americana",1,"Field"
NA,"appositus","Copper.Creek","2015-06-08","Delphinium nuttallianum",1,"Field"
NA,"appositus","Copper.Creek","2015-06-10","Delphinium nuttallianum",3,"Field"
10,"appositus","Copper.Creek","2015-06-14","PEDICULARIS",3453,"Microscopy"
10,"appositus","Copper.Creek","2015-06-14","C",163,"Microscopy"
10,"appositus","Copper.Creek","2015-06-14","UNKNOWN",1,"Microscopy"
10,"appositus","Copper.Creek","2015-06-14","MERTENSIA",1,"Microscopy"
10,"appositus","Copper.Creek","2015-06-14","Epilobium canum",15363,"Molecular"
10,"appositus","Copper.Creek","2015-06-14","Agastache pallidiflora",10216,"Molecular"
10,"appositus","Copper.Creek","2015-06-14","Mertensia fusiformis",3888,"Molecular"
10,"appositus","Copper.Creek","2015-06-14","Mertensia ciliata",3584,"Molecular"
10,"appositus","Copper.Creek","2015-06-14","Erigeron grandiflorus",3523,"Molecular"
10,"appositus","Copper.Creek","2015-06-14","Taraxacum officinale",2819,"Molecular"
10,"appositus","Copper.Creek","2015-06-14","Pseudognaphalium attenuatum",2765,"Molecular"
10,"appositus","Copper.Creek","2015-06-14","Cirsium parryi",2458,"Molecular"
10,"appositus","Copper.Creek","2015-06-14","Lupinus sericeus",1864,"Molecular"
10,"appositus","Copper.Creek","2015-06-14","Dasiphora fruticosa",1691,"Molecular"
NA,"appositus","Copper.Creek","2015-06-15","Delphinium nuttallianum",6,"Field"
NA,"appositus","Copper.Creek","2015-06-22","Delphinium nuttallianum",7,"Field"
NA,"appositus","Copper.Creek","2015-06-28","Lupinus sericeus",1,"Field"
NA,"appositus","Copper.Creek","2015-06-29","Frasera speciosa",1,"Field"
NA,"appositus","Copper.Creek","2015-06-29","Lupinus sericeus",2,"Field"
NA,"appositus","Copper.Creek","2015-06-29","Vicia americana",2,"Field"
NA,"appositus","Copper.Creek","2015-07-09","Delphinium barbeyi",2,"Field"
NA,"appositus","Copper.Creek","2015-07-09","Helianthella quinquenervis",2,"Field"
NA,"appositus","Copper.Creek","2015-07-09","Vicia americana",1,"Field"
NA,"appositus","Copper.Creek","2015-07-14","Delphinium barbeyi",1,"Field"
NA,"appositus","Copper.Creek","2015-07-14","Pedicularis bracteosa",1,"Field"
1,"appositus","Copper.Creek","2015-07-14","C",336,"Microscopy"
NA,"appositus","Copper.Creek","2015-07-23","Calochortus gunnisonii",1,"Field"
NA,"appositus","Copper.Creek","2015-07-23","Delphinium barbeyi",2,"Field"
NA,"appositus","Copper.Creek","2015-07-23","Erigeron speciosus",1,"Field"
NA,"appositus","Copper.Creek","2015-07-23","Pedicularis procera",2,"Field"
NA,"appositus","Frogs.Pond","2015-06-08","Mertensia fusiformis",1,"Field"
NA,"appositus","Frogs.Pond","2015-06-18","Frasera speciosa",1,"Field"
NA,"appositus","Frogs.Pond","2015-06-28","Delphinium barbeyi",1,"Field"
NA,"appositus","Frogs.Pond","2015-06-28","Frasera speciosa",2,"Field"
NA,"appositus","Frogs.Pond","2015-06-28","Lupinus sericeus",1,"Field"
NA,"appositus","Frogs.Pond","2015-06-29","Delphinium barbeyi",2,"Field"
NA,"appositus","Frogs.Pond","2015-06-29","Frasera speciosa",6,"Field"
NA,"appositus","Frogs.Pond","2015-07-09","Delphinium barbeyi",7,"Field"
NA,"appositus","Frogs.Pond","2015-07-09","Frasera speciosa",1,"Field"
NA,"appositus","Frogs.Pond","2015-07-15","Delphinium barbeyi",3,"Field"
NA,"appositus","Frogs.Pond","2015-07-15","Lupinus sericeus",1,"Field"
NA,"appositus","Frogs.Pond","2015-07-23","Delphinium barbeyi",4,"Field"
NA,"appositus","Gothic.Spires","2015-06-17","Delphinium nuttallianum",5,"Field"
NA,"appositus","Gothic.Spires","2015-06-19","Delphinium nuttallianum",1,"Field"
NA,"appositus","Gothic.Spires","2015-06-26","Linum lewisii",2,"Field"
NA,"appositus","Gothic.Spires","2015-06-26","Delphinium nuttallianum",4,"Field"
NA,"appositus","Gothic.Spires","2015-07-07","Delphinium barbeyi",5,"Field"
2,"appositus","Gothic.Spires","2015-07-09","C",6,"Microscopy"
2,"appositus","Gothic.Spires","2015-07-09","ASTERACEAE_1",56,"Microscopy"
NA,"appositus","Gothic.Spires","2015-07-10","Delphinium barbeyi",2,"Field"
NA,"appositus","Gothic.Spires","2015-07-16","Delphinium barbeyi",2,"Field"
NA,"appositus","Gothic.Spires","2015-07-27","Delphinium barbeyi",1,"Field"
NA,"appositus","Rosy.Hills","2015-06-04","Delphinium nuttallianum",1,"Field"
NA,"appositus","Rosy.Hills","2015-06-14","Delphinium nuttallianum",8,"Field"
4,"appositus","Rosy.Hills","2015-06-14","C",5403,"Microscopy"
4,"appositus","Rosy.Hills","2015-06-14","D",2,"Microscopy"
4,"appositus","Rosy.Hills","2015-06-14","UNKNOWN",4,"Microscopy"
4,"appositus","Rosy.Hills","2015-06-14","Delphinium barbeyi",72446,"Molecular"
4,"appositus","Rosy.Hills","2015-06-14","Delphinium nuttallianum",48259,"Molecular"
4,"appositus","Rosy.Hills","2015-06-14","Delphinium gracile",24639,"Molecular"
4,"appositus","Rosy.Hills","2015-06-14","Symphyotrichum foliaceum",2995,"Molecular"
4,"appositus","Rosy.Hills","2015-06-14","Trollius europaeus",2473,"Molecular"
4,"appositus","Rosy.Hills","2015-06-14","Caltha palustris",1676,"Molecular"
4,"appositus","Rosy.Hills","2015-06-14","Thalictrum tuberosum",1316,"Molecular"
4,"appositus","Rosy.Hills","2015-06-14","Aquilegia ecalcarata",1118,"Molecular"
4,"appositus","Rosy.Hills","2015-06-14","Thalictrum thalictroides",950,"Molecular"
4,"appositus","Rosy.Hills","2015-06-14","Viola odorata",770,"Molecular"
NA,"appositus","Rosy.Hills","2015-06-18","Delphinium nuttallianum",1,"Field"
NA,"appositus","Rosy.Hills","2015-06-20","Delphinium nuttallianum",3,"Field"
NA,"appositus","Rosy.Hills","2015-06-23","Delphinium nuttallianum",4,"Field"
NA,"appositus","Rosy.Hills","2015-06-28","Hydrophyllum fendleri",1,"Field"
NA,"appositus","Rosy.Hills","2015-06-28","Lathyrus lanszwertii",1,"Field"
NA,"appositus","Rosy.Hills","2015-06-30","Delphinium barbeyi",1,"Field"
NA,"appositus","Rosy.Hills","2015-06-30","Vicia americana",3,"Field"
NA,"appositus","Rosy.Hills","2015-07-09","Aconitum columbianum",2,"Field"
NA,"appositus","Rosy.Hills","2015-07-09","Delphinium barbeyi",3,"Field"
NA,"appositus","Rosy.Hills","2015-07-09","Helianthella quinquenervis",1,"Field"
NA,"appositus","Rosy.Hills","2015-07-15","Delphinium barbeyi",2,"Field"
NA,"appositus","Rosy.Hills","2015-07-15","Helianthella quinquenervis",1,"Field"
NA,"appositus","Rosy.Hills","2015-07-15","Lupinus sericeus",1,"Field"
NA,"appositus","Rosy.Hills","2015-07-15","Vicia americana",1,"Field"
NA,"appositus","Rosy.Hills","2015-07-22","Agastache urticifolia",1,"Field"
NA,"appositus","Rosy.Hills","2015-07-22","Delphinium barbeyi",1,"Field"
NA,"appositus","Stormy.Pass","2015-06-13","Delphinium nuttallianum",3,"Field"
NA,"appositus","Stormy.Pass","2015-06-18","Delphinium nuttallianum",2,"Field"
NA,"appositus","Stormy.Pass","2015-06-21","Delphinium nuttallianum",15,"Field"
NA,"appositus","Stormy.Pass","2015-06-21","Lathyrus lanszwertii",1,"Field"
3,"appositus","Stormy.Pass","2015-06-21","C",2707,"Microscopy"
3,"appositus","Stormy.Pass","2015-06-21","CONIFER",5,"Microscopy"
3,"appositus","Stormy.Pass","2015-06-21","ASTERACEAE_2",1,"Microscopy"
3,"appositus","Stormy.Pass","2015-06-21","MERTENSIA",1,"Microscopy"
5,"appositus","Stormy.Pass","2015-06-21","C",1130,"Microscopy"
5,"appositus","Stormy.Pass","2015-06-21","CONIFER",2,"Microscopy"
5,"appositus","Stormy.Pass","2015-06-21","UNKNOWN",1,"Microscopy"
5,"appositus","Stormy.Pass","2015-06-21","MERTENSIA",1,"Microscopy"
5,"appositus","Stormy.Pass","2015-06-21","D",1,"Microscopy"
3,"appositus","Stormy.Pass","2015-06-21","Delphinium barbeyi",4681,"Molecular"
3,"appositus","Stormy.Pass","2015-06-21","Epilobium canum",4381,"Molecular"
3,"appositus","Stormy.Pass","2015-06-21","Delphinium nuttallianum",3306,"Molecular"
3,"appositus","Stormy.Pass","2015-06-21","Delphinium gracile",1059,"Molecular"
3,"appositus","Stormy.Pass","2015-06-21","Pseudognaphalium attenuatum",1045,"Molecular"
3,"appositus","Stormy.Pass","2015-06-21","Cynoglossum pringlei",413,"Molecular"
3,"appositus","Stormy.Pass","2015-06-21","Cynoglossum pringlei",413,"Molecular"
3,"appositus","Stormy.Pass","2015-06-21","Arenaria globiflora",246,"Molecular"
3,"appositus","Stormy.Pass","2015-06-21","Cirsium parryi",158,"Molecular"
3,"appositus","Stormy.Pass","2015-06-21","Karpatiosorbus devoniensis",98,"Molecular"
3,"appositus","Stormy.Pass","2015-06-21","Karpatiosorbus devoniensis",98,"Molecular"
6,"appositus","Stormy.Pass","2015-06-22","C",1584,"Microscopy"
6,"appositus","Stormy.Pass","2015-06-22","UNKNOWN",2,"Microscopy"
6,"appositus","Stormy.Pass","2015-06-22","MERTENSIA",3,"Microscopy"
6,"appositus","Stormy.Pass","2015-06-22","B",1,"Microscopy"
6,"appositus","Stormy.Pass","2015-06-22","Delphinium barbeyi",28089,"Molecular"
6,"appositus","Stormy.Pass","2015-06-22","Delphinium nuttallianum",18261,"Molecular"
6,"appositus","Stormy.Pass","2015-06-22","Delphinium gracile",8231,"Molecular"
6,"appositus","Stormy.Pass","2015-06-22","Symphyotrichum foliaceum",3684,"Molecular"
6,"appositus","Stormy.Pass","2015-06-22","Trollius europaeus",751,"Molecular"
6,"appositus","Stormy.Pass","2015-06-22","Caltha palustris",720,"Molecular"
6,"appositus","Stormy.Pass","2015-06-22","Thalictrum tuberosum",452,"Molecular"
6,"appositus","Stormy.Pass","2015-06-22","Aquilegia ecalcarata",441,"Molecular"
6,"appositus","Stormy.Pass","2015-06-22","Dasiphora fruticosa",438,"Molecular"
6,"appositus","Stormy.Pass","2015-06-22","Hydrophyllum capitatum",405,"Molecular"
NA,"appositus","Stormy.Pass","2015-06-25","Delphinium nuttallianum",4,"Field"
NA,"appositus","Stormy.Pass","2015-06-25","Hydrophyllum fendleri",1,"Field"
NA,"appositus","Stormy.Pass","2015-06-25","Lathyrus lanszwertii",1,"Field"
9,"appositus","Stormy.Pass","2015-06-25","C",1514,"Microscopy"
9,"appositus","Stormy.Pass","2015-06-25","B",234,"Microscopy"
9,"appositus","Stormy.Pass","2015-06-25","UNKNOWN",4,"Microscopy"
9,"appositus","Stormy.Pass","2015-06-25","MERTENSIA",2,"Microscopy"
9,"appositus","Stormy.Pass","2015-06-25","CONIFER",5,"Microscopy"
9,"appositus","Stormy.Pass","2015-06-25","Delphinium barbeyi",29693,"Molecular"
9,"appositus","Stormy.Pass","2015-06-25","Delphinium nuttallianum",19805,"Molecular"
9,"appositus","Stormy.Pass","2015-06-25","Hydrophyllum capitatum",10287,"Molecular"
9,"appositus","Stormy.Pass","2015-06-25","Delphinium gracile",8956,"Molecular"
9,"appositus","Stormy.Pass","2015-06-25","Vicia americana",3501,"Molecular"
9,"appositus","Stormy.Pass","2015-06-25","Hydrophyllum canadense",1335,"Molecular"
9,"appositus","Stormy.Pass","2015-06-25","Symphyotrichum foliaceum",902,"Molecular"
9,"appositus","Stormy.Pass","2015-06-25","Trollius europaeus",775,"Molecular"
9,"appositus","Stormy.Pass","2015-06-25","Caltha palustris",699,"Molecular"
9,"appositus","Stormy.Pass","2015-06-25","Thalictrum tuberosum",476,"Molecular"
NA,"appositus","Stormy.Pass","2015-06-30","Delphinium nuttallianum",1,"Field"
NA,"appositus","Stormy.Pass","2015-06-30","Lathyrus lanszwertii",1,"Field"
NA,"appositus","Stormy.Pass","2015-07-13","Delphinium barbeyi",4,"Field"
NA,"appositus","Stormy.Pass","2015-07-16","Delphinium barbeyi",2,"Field"
NA,"bifarius","Avery.Wash","2015-05-29","Mertensia fusiformis",1,"Field"
NA,"bifarius","Avery.Wash","2015-06-02","Mertensia fusiformis",2,"Field"
NA,"bifarius","Avery.Wash","2015-06-07","Mertensia fusiformis",1,"Field"
20,"bifarius","Avery.Wash","2015-06-14","MERTENSIA",2258,"Microscopy"
20,"bifarius","Avery.Wash","2015-06-14","UNKNOWN",3,"Microscopy"
20,"bifarius","Avery.Wash","2015-06-14","C",128,"Microscopy"
20,"bifarius","Avery.Wash","2015-06-14","ASTERACEAE_2",5,"Microscopy"
20,"bifarius","Avery.Wash","2015-06-14","Mertensia ciliata",15434,"Molecular"
20,"bifarius","Avery.Wash","2015-06-14","Mertensia fusiformis",15386,"Molecular"
20,"bifarius","Avery.Wash","2015-06-14","Parnassia palustris",3811,"Molecular"
20,"bifarius","Avery.Wash","2015-06-14","Hydrophyllum fendleri",3119,"Molecular"
20,"bifarius","Avery.Wash","2015-06-14","Lupinus argenteus",2006,"Molecular"
20,"bifarius","Avery.Wash","2015-06-14","Erigeron grandiflorus",1530,"Molecular"
20,"bifarius","Avery.Wash","2015-06-14","Geum ternatum",831,"Molecular"
20,"bifarius","Avery.Wash","2015-06-14","Lupinus sericeus",829,"Molecular"
20,"bifarius","Avery.Wash","2015-06-14","Taraxacum officinale",753,"Molecular"
20,"bifarius","Avery.Wash","2015-06-14","Hydrophyllum canadense",705,"Molecular"
NA,"bifarius","Avery.Wash","2015-07-27","Senecio bigelovii",1,"Field"
NA,"bifarius","Copper.Creek","2015-06-01","Claytonia lanceolata",1,"Field"
NA,"bifarius","Copper.Creek","2015-06-01","Erythronium grandiflorum",1,"Field"
NA,"bifarius","Copper.Creek","2015-06-01","Hydrophyllum capitatum",2,"Field"
NA,"bifarius","Copper.Creek","2015-06-01","Mertensia fusiformis",6,"Field"
NA,"bifarius","Copper.Creek","2015-06-04","Hydrophyllum capitatum",1,"Field"
NA,"bifarius","Copper.Creek","2015-06-04","Mertensia fusiformis",1,"Field"
NA,"bifarius","Copper.Creek","2015-06-04","Taraxacum officinale",1,"Field"
NA,"bifarius","Copper.Creek","2015-06-08","Hydrophyllum capitatum",1,"Field"
13,"bifarius","Copper.Creek","2015-06-14","ROSACEAE",603,"Microscopy"
13,"bifarius","Copper.Creek","2015-06-14","ASTERACEAE_2",11,"Microscopy"
13,"bifarius","Copper.Creek","2015-06-14","C",1,"Microscopy"
13,"bifarius","Copper.Creek","2015-06-14","MERTENSIA",16,"Microscopy"
13,"bifarius","Copper.Creek","2015-06-14","UNKNOWN",0,"Microscopy"
NA,"bifarius","Copper.Creek","2015-06-15","Geum trifloum",1,"Field"
NA,"bifarius","Copper.Creek","2015-06-15","Hydrophyllum capitatum",2,"Field"
NA,"bifarius","Copper.Creek","2015-06-15","Hydrophyllum fendleri",2,"Field"
NA,"bifarius","Copper.Creek","2015-06-22","Frasera speciosa",1,"Field"
NA,"bifarius","Copper.Creek","2015-06-29","Hydrophyllum fendleri",1,"Field"
NA,"bifarius","Copper.Creek","2015-07-09","Helianthella quinquenervis",2,"Field"
NA,"bifarius","Copper.Creek","2015-07-09","Lupinus sericeus",1,"Field"
NA,"bifarius","Copper.Creek","2015-07-14","Helianthella quinquenervis",1,"Field"
NA,"bifarius","Copper.Creek","2015-07-23","Senecio bigelovii",1,"Field"
NA,"bifarius","Frogs.Pond","2015-05-27","Mertensia fusiformis",7,"Field"
NA,"bifarius","Frogs.Pond","2015-05-31","Mertensia fusiformis",4,"Field"
NA,"bifarius","Frogs.Pond","2015-06-02","Mertensia fusiformis",9,"Field"
NA,"bifarius","Frogs.Pond","2015-06-12","Frasera speciosa",1,"Field"
NA,"bifarius","Frogs.Pond","2015-06-12","Hydrophyllum fendleri",1,"Field"
NA,"bifarius","Frogs.Pond","2015-06-12","Taraxacum officinale",1,"Field"
NA,"bifarius","Frogs.Pond","2015-06-15","Hydrophyllum fendleri",1,"Field"
NA,"bifarius","Frogs.Pond","2015-06-15","Lupinus sericeus",5,"Field"
18,"bifarius","Frogs.Pond","2015-06-15","C",72,"Microscopy"
18,"bifarius","Frogs.Pond","2015-06-15","A",577,"Microscopy"
18,"bifarius","Frogs.Pond","2015-06-15","MERTENSIA",2487,"Microscopy"
18,"bifarius","Frogs.Pond","2015-06-15","ERICACEAE",64,"Microscopy"
18,"bifarius","Frogs.Pond","2015-06-15","UNKNOWN",16,"Microscopy"
18,"bifarius","Frogs.Pond","2015-06-15","ASTERACEAE_1",11,"Microscopy"
18,"bifarius","Frogs.Pond","2015-06-15","D",4,"Microscopy"
18,"bifarius","Frogs.Pond","2015-06-15","Lupinus argenteus",160507,"Molecular"
18,"bifarius","Frogs.Pond","2015-06-15","Mertensia fusiformis",102535,"Molecular"
18,"bifarius","Frogs.Pond","2015-06-15","Vaccinium vitis-idaea",89055,"Molecular"
18,"bifarius","Frogs.Pond","2015-06-15","Populus alba",61979,"Molecular"
18,"bifarius","Frogs.Pond","2015-06-15","Lupinus sericeus",58005,"Molecular"
18,"bifarius","Frogs.Pond","2015-06-15","Mertensia ciliata",35762,"Molecular"
18,"bifarius","Frogs.Pond","2015-06-15","Cynoglossum pringlei",10269,"Molecular"
18,"bifarius","Frogs.Pond","2015-06-15","Cynoglossum pringlei",10269,"Molecular"
18,"bifarius","Frogs.Pond","2015-06-15","Gaultheria prostrata",7709,"Molecular"
18,"bifarius","Frogs.Pond","2015-06-15","Hydrophyllum canadense",7518,"Molecular"
NA,"bifarius","Frogs.Pond","2015-06-18","Frasera speciosa",1,"Field"
NA,"bifarius","Frogs.Pond","2015-06-18","Lupinus sericeus",1,"Field"
NA,"bifarius","Frogs.Pond","2015-06-18","Senecio integerrimus",3,"Field"
19,"bifarius","Frogs.Pond","2015-06-18","C",1136,"Microscopy"
19,"bifarius","Frogs.Pond","2015-06-18","A",14,"Microscopy"
19,"bifarius","Frogs.Pond","2015-06-18","MERTENSIA",90,"Microscopy"
19,"bifarius","Frogs.Pond","2015-06-18","ASTERACEAE_1",1,"Microscopy"
19,"bifarius","Frogs.Pond","2015-06-18","UNKNOWN",2,"Microscopy"
19,"bifarius","Frogs.Pond","2015-06-18","D",2,"Microscopy"
19,"bifarius","Frogs.Pond","2015-06-18","ERICACEAE",2,"Microscopy"
19,"bifarius","Frogs.Pond","2015-06-18","Hydrophyllum canadense",101079,"Molecular"
19,"bifarius","Frogs.Pond","2015-06-18","Hydrophyllum fendleri",11234,"Molecular"
19,"bifarius","Frogs.Pond","2015-06-18","Lathyrus lanszwertii",9072,"Molecular"
19,"bifarius","Frogs.Pond","2015-06-18","Epilobium canum",4027,"Molecular"
19,"bifarius","Frogs.Pond","2015-06-18","Lupinus argenteus",2447,"Molecular"
19,"bifarius","Frogs.Pond","2015-06-18","Chamaenerion angustifolium",1412,"Molecular"
19,"bifarius","Frogs.Pond","2015-06-18","Nemophila menziesii",1216,"Molecular"
19,"bifarius","Frogs.Pond","2015-06-18","Lupinus sericeus",1132,"Molecular"
19,"bifarius","Frogs.Pond","2015-06-18","Pseudognaphalium attenuatum",837,"Molecular"
19,"bifarius","Frogs.Pond","2015-06-18","Taraxacum officinale",769,"Molecular"
NA,"bifarius","Frogs.Pond","2015-06-29","Hydrophyllum fendleri",1,"Field"
NA,"bifarius","Frogs.Pond","2015-06-29","Lupinus sericeus",1,"Field"
NA,"bifarius","Frogs.Pond","2015-07-09","Helianthella quinquenervis",1,"Field"
NA,"bifarius","Frogs.Pond","2015-07-15","Helianthella quinquenervis",1,"Field"
NA,"bifarius","Frogs.Pond","2015-07-23","Helianthella quinquenervis",1,"Field"
NA,"bifarius","Gothic.Spires","2015-05-29","Claytonia lanceolata",2,"Field"
NA,"bifarius","Gothic.Spires","2015-05-29","Salix sp",2,"Field"
NA,"bifarius","Gothic.Spires","2015-05-29","Taraxacum officinale",2,"Field"
NA,"bifarius","Gothic.Spires","2015-06-02","Erythronium grandiflorum",1,"Field"
NA,"bifarius","Gothic.Spires","2015-06-02","Hydrophyllum capitatum",1,"Field"
NA,"bifarius","Gothic.Spires","2015-06-02","Taraxacum officinale",2,"Field"
NA,"bifarius","Gothic.Spires","2015-06-07","Hydrophyllum capitatum",1,"Field"
NA,"bifarius","Gothic.Spires","2015-06-07","Mertensia fusiformis",1,"Field"
NA,"bifarius","Gothic.Spires","2015-06-07","Taraxacum officinale",9,"Field"
14,"bifarius","Gothic.Spires","2015-06-14","C",3352,"Microscopy"
14,"bifarius","Gothic.Spires","2015-06-14","MERTENSIA",114,"Microscopy"
14,"bifarius","Gothic.Spires","2015-06-14","ASTERACEAE_2",27,"Microscopy"
14,"bifarius","Gothic.Spires","2015-06-14","D",1,"Microscopy"
14,"bifarius","Gothic.Spires","2015-06-14","ASTERACEAE_1",1,"Microscopy"
14,"bifarius","Gothic.Spires","2015-06-14","UNKNOWN",2,"Microscopy"
14,"bifarius","Gothic.Spires","2015-06-14","CONIFER",2,"Microscopy"
15,"bifarius","Gothic.Spires","2015-06-14","ASTERACEAE_2",584,"Microscopy"
15,"bifarius","Gothic.Spires","2015-06-14","A",158,"Microscopy"
15,"bifarius","Gothic.Spires","2015-06-14","UNKNOWN",49,"Microscopy"
15,"bifarius","Gothic.Spires","2015-06-14","GROSSULARIACEAE",46,"Microscopy"
15,"bifarius","Gothic.Spires","2015-06-14","C",35,"Microscopy"
15,"bifarius","Gothic.Spires","2015-06-14","MERTENSIA",6,"Microscopy"
15,"bifarius","Gothic.Spires","2015-06-14","ASTERACEAE_1",1,"Microscopy"
15,"bifarius","Gothic.Spires","2015-06-14","CONIFER",1,"Microscopy"
21,"bifarius","Gothic.Spires","2015-06-14","C",2707,"Microscopy"
21,"bifarius","Gothic.Spires","2015-06-14","ASTERACEAE_2",11,"Microscopy"
21,"bifarius","Gothic.Spires","2015-06-14","MERTENSIA",7,"Microscopy"
21,"bifarius","Gothic.Spires","2015-06-14","UNKNOWN",5,"Microscopy"
14,"bifarius","Gothic.Spires","2015-06-14","Hydrophyllum canadense",36918,"Molecular"
14,"bifarius","Gothic.Spires","2015-06-14","Hydrophyllum fendleri",11722,"Molecular"
14,"bifarius","Gothic.Spires","2015-06-14","Lathyrus lanszwertii",3012,"Molecular"
14,"bifarius","Gothic.Spires","2015-06-14","Symphyotrichum foliaceum",2178,"Molecular"
14,"bifarius","Gothic.Spires","2015-06-14","Taraxacum officinale",1690,"Molecular"
14,"bifarius","Gothic.Spires","2015-06-14","Mertensia fusiformis",1481,"Molecular"
14,"bifarius","Gothic.Spires","2015-06-14","Mertensia ciliata",871,"Molecular"
14,"bifarius","Gothic.Spires","2015-06-14","Hydrophyllum capitatum",796,"Molecular"
14,"bifarius","Gothic.Spires","2015-06-14","Chamaenerion angustifolium",664,"Molecular"
14,"bifarius","Gothic.Spires","2015-06-14","Lupinus argenteus",606,"Molecular"
15,"bifarius","Gothic.Spires","2015-06-14","Epilobium canum",27119,"Molecular"
15,"bifarius","Gothic.Spires","2015-06-14","Taraxacum officinale",10455,"Molecular"
15,"bifarius","Gothic.Spires","2015-06-14","Pseudognaphalium attenuatum",4766,"Molecular"
15,"bifarius","Gothic.Spires","2015-06-14","Karpatiosorbus devoniensis",4123,"Molecular"
15,"bifarius","Gothic.Spires","2015-06-14","Karpatiosorbus devoniensis",4123,"Molecular"
15,"bifarius","Gothic.Spires","2015-06-14","Cynoglossum pringlei",2672,"Molecular"
15,"bifarius","Gothic.Spires","2015-06-14","Cynoglossum pringlei",2672,"Molecular"
15,"bifarius","Gothic.Spires","2015-06-14","Hydrophyllum fendleri",2213,"Molecular"
15,"bifarius","Gothic.Spires","2015-06-14","Micromeles japonica",2106,"Molecular"
15,"bifarius","Gothic.Spires","2015-06-14","Micromeles japonica",2106,"Molecular"
21,"bifarius","Gothic.Spires","2015-06-14","Hydrophyllum fendleri",17841,"Molecular"
21,"bifarius","Gothic.Spires","2015-06-14","Hydrophyllum canadense",4249,"Molecular"
21,"bifarius","Gothic.Spires","2015-06-14","Parnassia palustris",1761,"Molecular"
21,"bifarius","Gothic.Spires","2015-06-14","Hydrophyllum capitatum",709,"Molecular"
21,"bifarius","Gothic.Spires","2015-06-14","Erigeron grandiflorus",346,"Molecular"
21,"bifarius","Gothic.Spires","2015-06-14","Taraxacum officinale",337,"Molecular"
21,"bifarius","Gothic.Spires","2015-06-14","Lupinus sericeus",321,"Molecular"
21,"bifarius","Gothic.Spires","2015-06-14","Geum ternatum",300,"Molecular"
21,"bifarius","Gothic.Spires","2015-06-14","Mertensia fusiformis",299,"Molecular"
21,"bifarius","Gothic.Spires","2015-06-14","Cirsium parryi",260,"Molecular"
NA,"bifarius","Gothic.Spires","2015-06-17","Mertensia ciliata",1,"Field"
NA,"bifarius","Gothic.Spires","2015-06-17","Taraxacum officinale",5,"Field"
NA,"bifarius","Gothic.Spires","2015-06-19","Senecio integerrimus",1,"Field"
NA,"bifarius","Gothic.Spires","2015-06-26","Dodecatheon pulchellum",3,"Field"
NA,"bifarius","Gothic.Spires","2015-06-26","Hydrophyllum fendleri",2,"Field"
NA,"bifarius","Gothic.Spires","2015-07-10","Helianthella quinquenervis",1,"Field"
NA,"bifarius","Rosy.Hills","2015-05-28","Mertensia fusiformis",8,"Field"
NA,"bifarius","Rosy.Hills","2015-05-31","Mertensia fusiformis",4,"Field"
NA,"bifarius","Rosy.Hills","2015-06-02","Mertensia fusiformis",3,"Field"
NA,"bifarius","Rosy.Hills","2015-06-04","Mertensia fusiformis",3,"Field"
NA,"bifarius","Rosy.Hills","2015-06-08","Mertensia fusiformis",4,"Field"
NA,"bifarius","Rosy.Hills","2015-06-14","Mertensia fusiformis",1,"Field"
NA,"bifarius","Rosy.Hills","2015-06-20","Hydrophyllum fendleri",1,"Field"
16,"bifarius","Rosy.Hills","2015-06-20","UNKNOWN",93,"Microscopy"
16,"bifarius","Rosy.Hills","2015-06-20","C",216,"Microscopy"
NA,"bifarius","Rosy.Hills","2015-07-09","Hymenoxys hoopesii",1,"Field"
NA,"bifarius","Rosy.Hills","2015-07-09","Helianthella quinquenervis",2,"Field"
NA,"bifarius","Rosy.Hills","2015-07-15","Helianthella quinquenervis",1,"Field"
NA,"bifarius","Rosy.Hills","2015-07-22","Helianthella quinquenervis",2,"Field"
NA,"bifarius","Stormy.Pass","2015-05-30","Mertensia fusiformis",3,"Field"
NA,"bifarius","Stormy.Pass","2015-06-04","Mertensia fusiformis",1,"Field"
NA,"bifarius","Stormy.Pass","2015-06-08","Mertensia fusiformis",1,"Field"
NA,"bifarius","Stormy.Pass","2015-06-13","Hydrophyllum fendleri",1,"Field"
NA,"bifarius","Stormy.Pass","2015-06-13","Taraxacum officinale",1,"Field"
NA,"bifarius","Stormy.Pass","2015-06-25","Hydrophyllum fendleri",2,"Field"
NA,"bifarius","Stormy.Pass","2015-06-25","Mertensia ciliata",1,"Field"
NA,"bifarius","Stormy.Pass","2015-06-30","Hydrophyllum fendleri",1,"Field"
NA,"bifarius","Stormy.Pass","2015-07-13","Hymenoxys hoopesii",1,"Field"
22,"bifarius",NA,"2015-06-15","C",1843,"Microscopy"
22,"bifarius",NA,"2015-06-15","A",228,"Microscopy"
22,"bifarius",NA,"2015-06-15","UNKNOWN",7,"Microscopy"
22,"bifarius",NA,"2015-06-15","MERTENSIA",30,"Microscopy"
22,"bifarius",NA,"2015-06-15","ASTERACEAE_2",1,"Microscopy"
NA,"californicus","Copper.Creek","2015-06-01","Mertensia fusiformis",1,"Field"
NA,"californicus","Copper.Creek","2015-06-04","Delphinium nuttallianum",1,"Field"
NA,"californicus","Copper.Creek","2015-06-04","Erythronium grandiflorum",1,"Field"
NA,"californicus","Copper.Creek","2015-06-04","Mertensia fusiformis",1,"Field"
NA,"californicus","Copper.Creek","2015-06-08","Delphinium nuttallianum",1,"Field"
NA,"californicus","Copper.Creek","2015-06-10","Delphinium nuttallianum",3,"Field"
NA,"californicus","Copper.Creek","2015-06-10","Hydrophyllum capitatum",1,"Field"
NA,"californicus","Copper.Creek","2015-06-10","Mertensia fusiformis",1,"Field"
24,"californicus","Copper.Creek","2015-06-12","C",3685,"Microscopy"
24,"californicus","Copper.Creek","2015-06-12","UNKNOWN",1,"Microscopy"
24,"californicus","Copper.Creek","2015-06-12","ASTERACEAE_2",3,"Microscopy"
24,"californicus","Copper.Creek","2015-06-12","A",1,"Microscopy"
24,"californicus","Copper.Creek","2015-06-12","MERTENSIA",2,"Microscopy"
25,"californicus","Copper.Creek","2015-06-12","C",2611,"Microscopy"
25,"californicus","Copper.Creek","2015-06-12","ASTERACEAE_2",18,"Microscopy"
25,"californicus","Copper.Creek","2015-06-12","UNKNOWN",1,"Microscopy"
24,"californicus","Copper.Creek","2015-06-12","Delphinium barbeyi",5159,"Molecular"
24,"californicus","Copper.Creek","2015-06-12","Delphinium nuttallianum",3219,"Molecular"
24,"californicus","Copper.Creek","2015-06-12","Delphinium gracile",1652,"Molecular"
24,"californicus","Copper.Creek","2015-06-12","Taraxacum officinale",430,"Molecular"
24,"californicus","Copper.Creek","2015-06-12","Trollius europaeus",166,"Molecular"
24,"californicus","Copper.Creek","2015-06-12","Dasiphora fruticosa",150,"Molecular"
24,"californicus","Copper.Creek","2015-06-12","Caltha palustris",147,"Molecular"
24,"californicus","Copper.Creek","2015-06-12","Parnassia palustris",119,"Molecular"
24,"californicus","Copper.Creek","2015-06-12","Aquilegia ecalcarata",96,"Molecular"
24,"californicus","Copper.Creek","2015-06-12","Taraxacum cucullatum",85,"Molecular"
25,"californicus","Copper.Creek","2015-06-12","Delphinium barbeyi",24322,"Molecular"
25,"californicus","Copper.Creek","2015-06-12","Delphinium nuttallianum",14397,"Molecular"
25,"californicus","Copper.Creek","2015-06-12","Delphinium gracile",8440,"Molecular"
25,"californicus","Copper.Creek","2015-06-12","Trollius europaeus",947,"Molecular"
25,"californicus","Copper.Creek","2015-06-12","Caltha palustris",593,"Molecular"
25,"californicus","Copper.Creek","2015-06-12","Taraxacum officinale",464,"Molecular"
25,"californicus","Copper.Creek","2015-06-12","Aquilegia ecalcarata",411,"Molecular"
25,"californicus","Copper.Creek","2015-06-12","Parnassia palustris",364,"Molecular"
25,"californicus","Copper.Creek","2015-06-12","Thalictrum tuberosum",328,"Molecular"
25,"californicus","Copper.Creek","2015-06-12","Dasiphora fruticosa",275,"Molecular"
23,"californicus","Copper.Creek","2015-06-14","C",1534,"Microscopy"
23,"californicus","Copper.Creek","2015-06-14","UNKNOWN",3,"Microscopy"
23,"californicus","Copper.Creek","2015-06-14","A",1,"Microscopy"
23,"californicus","Copper.Creek","2015-06-14","MERTENSIA",2,"Microscopy"
26,"californicus","Copper.Creek","2015-06-14","C",865,"Microscopy"
26,"californicus","Copper.Creek","2015-06-14","MERTENSIA",1090,"Microscopy"
26,"californicus","Copper.Creek","2015-06-14","UNKNOWN",5,"Microscopy"
26,"californicus","Copper.Creek","2015-06-14","ASTERACEAE_2",15,"Microscopy"
26,"californicus","Copper.Creek","2015-06-14","ERICACEAE",2,"Microscopy"
26,"californicus","Copper.Creek","2015-06-14","B",1,"Microscopy"
26,"californicus","Copper.Creek","2015-06-14","A",2,"Microscopy"
23,"californicus","Copper.Creek","2015-06-14","Delphinium barbeyi",38912,"Molecular"
23,"californicus","Copper.Creek","2015-06-14","Delphinium nuttallianum",11475,"Molecular"
23,"californicus","Copper.Creek","2015-06-14","Delphinium gracile",6116,"Molecular"
23,"californicus","Copper.Creek","2015-06-14","Viola odorata",3796,"Molecular"
23,"californicus","Copper.Creek","2015-06-14","Trollius europaeus",552,"Molecular"
23,"californicus","Copper.Creek","2015-06-14","Caltha palustris",525,"Molecular"
23,"californicus","Copper.Creek","2015-06-14","Potentilla pulcherrima",498,"Molecular"
23,"californicus","Copper.Creek","2015-06-14","Lithophragma parviflorum",482,"Molecular"
23,"californicus","Copper.Creek","2015-06-14","Aquilegia ecalcarata",367,"Molecular"
23,"californicus","Copper.Creek","2015-06-14","Thalictrum tuberosum",275,"Molecular"
26,"californicus","Copper.Creek","2015-06-14","Delphinium barbeyi",171592,"Molecular"
26,"californicus","Copper.Creek","2015-06-14","Delphinium nuttallianum",108988,"Molecular"
26,"californicus","Copper.Creek","2015-06-14","Delphinium gracile",52942,"Molecular"
26,"californicus","Copper.Creek","2015-06-14","Taraxacum officinale",8448,"Molecular"
26,"californicus","Copper.Creek","2015-06-14","Trollius europaeus",6343,"Molecular"
26,"californicus","Copper.Creek","2015-06-14","Caltha palustris",4126,"Molecular"
26,"californicus","Copper.Creek","2015-06-14","Thalictrum tuberosum",2912,"Molecular"
26,"californicus","Copper.Creek","2015-06-14","Aquilegia ecalcarata",2618,"Molecular"
26,"californicus","Copper.Creek","2015-06-14","Hydrophyllum capitatum",2335,"Molecular"
26,"californicus","Copper.Creek","2015-06-14","Thalictrum thalictroides",1921,"Molecular"
NA,"californicus","Copper.Creek","2015-06-15","Delphinium nuttallianum",9,"Field"
27,"californicus","Copper.Creek","2015-06-15","C",1875,"Microscopy"
27,"californicus","Copper.Creek","2015-06-15","A",14,"Microscopy"
27,"californicus","Copper.Creek","2015-06-15","UNKNOWN",1,"Microscopy"
27,"californicus","Copper.Creek","2015-06-15","MERTENSIA",1,"Microscopy"
28,"californicus","Copper.Creek","2015-06-15","C",1099,"Microscopy"
28,"californicus","Copper.Creek","2015-06-15","UNKNOWN",1,"Microscopy"
29,"californicus","Copper.Creek","2015-06-15","C",746,"Microscopy"
29,"californicus","Copper.Creek","2015-06-15","ONAGRACEAE",1,"Microscopy"
27,"californicus","Copper.Creek","2015-06-15","Delphinium barbeyi",25683,"Molecular"
27,"californicus","Copper.Creek","2015-06-15","Delphinium nuttallianum",16430,"Molecular"
27,"californicus","Copper.Creek","2015-06-15","Delphinium gracile",7556,"Molecular"
27,"californicus","Copper.Creek","2015-06-15","Trollius europaeus",1288,"Molecular"
27,"californicus","Copper.Creek","2015-06-15","Parnassia palustris",713,"Molecular"
27,"californicus","Copper.Creek","2015-06-15","Thalictrum tuberosum",540,"Molecular"
27,"californicus","Copper.Creek","2015-06-15","Caltha palustris",459,"Molecular"
27,"californicus","Copper.Creek","2015-06-15","Thalictrum thalictroides",329,"Molecular"
27,"californicus","Copper.Creek","2015-06-15","Hydrophyllum capitatum",313,"Molecular"
27,"californicus","Copper.Creek","2015-06-15","Lupinus argenteus",295,"Molecular"
28,"californicus","Copper.Creek","2015-06-15","Delphinium barbeyi",33236,"Molecular"
28,"californicus","Copper.Creek","2015-06-15","Delphinium nuttallianum",19779,"Molecular"
28,"californicus","Copper.Creek","2015-06-15","Delphinium gracile",10354,"Molecular"
28,"californicus","Copper.Creek","2015-06-15","Trollius europaeus",939,"Molecular"
28,"californicus","Copper.Creek","2015-06-15","Caltha palustris",721,"Molecular"
28,"californicus","Copper.Creek","2015-06-15","Cynoglossum amplifolium",713,"Molecular"
28,"californicus","Copper.Creek","2015-06-15","Cynoglossum amplifolium",713,"Molecular"
28,"californicus","Copper.Creek","2015-06-15","Thalictrum tuberosum",604,"Molecular"
28,"californicus","Copper.Creek","2015-06-15","Aquilegia ecalcarata",379,"Molecular"
28,"californicus","Copper.Creek","2015-06-15","Populus alba",345,"Molecular"
29,"californicus","Copper.Creek","2015-06-15","Agastache pallidiflora",50501,"Molecular"
29,"californicus","Copper.Creek","2015-06-15","Delphinium barbeyi",35781,"Molecular"
29,"californicus","Copper.Creek","2015-06-15","Delphinium nuttallianum",12449,"Molecular"
29,"californicus","Copper.Creek","2015-06-15","Delphinium gracile",7561,"Molecular"
29,"californicus","Copper.Creek","2015-06-15","Helianthella quinquenervis",2908,"Molecular"
29,"californicus","Copper.Creek","2015-06-15","Lupinus argenteus",2740,"Molecular"
29,"californicus","Copper.Creek","2015-06-15","Campanula rotundifolia",2703,"Molecular"
29,"californicus","Copper.Creek","2015-06-15","Phlox douglasii",2701,"Molecular"
29,"californicus","Copper.Creek","2015-06-15","Populus alba",2676,"Molecular"
29,"californicus","Copper.Creek","2015-06-15","Cynoglossum amplifolium",2432,"Molecular"
29,"californicus","Copper.Creek","2015-06-15","Cynoglossum amplifolium",2432,"Molecular"
NA,"californicus","Copper.Creek","2015-06-28","Hydrophyllum fendleri",1,"Field"
NA,"californicus","Copper.Creek","2015-06-28","Pedicularis procera",1,"Field"
NA,"californicus","Copper.Creek","2015-07-09","Delphinium barbeyi",1,"Field"
NA,"californicus","Copper.Creek","2015-07-14","Delphinium barbeyi",2,"Field"
NA,"californicus","Frogs.Pond","2015-05-31","Mertensia fusiformis",1,"Field"
NA,"californicus","Frogs.Pond","2015-06-02","Delphinium nuttallianum",1,"Field"
NA,"californicus","Frogs.Pond","2015-06-02","Mertensia fusiformis",1,"Field"
NA,"californicus","Frogs.Pond","2015-06-04","Delphinium nuttallianum",1,"Field"
NA,"californicus","Frogs.Pond","2015-06-04","Mertensia fusiformis",2,"Field"
NA,"californicus","Frogs.Pond","2015-06-08","Lathyrus lanszwertii",2,"Field"
NA,"californicus","Frogs.Pond","2015-06-08","Taraxacum officinale",1,"Field"
NA,"californicus","Frogs.Pond","2015-06-15","Lathyrus lanszwertii",2,"Field"
NA,"californicus","Frogs.Pond","2015-06-22","Lupinus sericeus",1,"Field"
NA,"californicus","Gothic.Spires","2015-05-29","Erythronium grandiflorum",1,"Field"
NA,"californicus","Gothic.Spires","2015-06-02","Mertensia fusiformis",1,"Field"
30,"californicus","Gothic.Spires","2015-06-04","C",1084,"Microscopy"
30,"californicus","Gothic.Spires","2015-06-04","ONAGRACEAE",1,"Microscopy"
30,"californicus","Gothic.Spires","2015-06-04","ASTERACEAE_2",1,"Microscopy"
30,"californicus","Gothic.Spires","2015-06-04","UNKNOWN",1,"Microscopy"
30,"californicus","Gothic.Spires","2015-06-04","Mertensia fusiformis",77561,"Molecular"
30,"californicus","Gothic.Spires","2015-06-04","Lupinus argenteus",49939,"Molecular"
30,"californicus","Gothic.Spires","2015-06-04","Mertensia ciliata",48791,"Molecular"
30,"californicus","Gothic.Spires","2015-06-04","Delphinium barbeyi",29197,"Molecular"
30,"californicus","Gothic.Spires","2015-06-04","Delphinium nuttallianum",16705,"Molecular"
30,"californicus","Gothic.Spires","2015-06-04","Cynoglossum pringlei",12730,"Molecular"
30,"californicus","Gothic.Spires","2015-06-04","Cynoglossum pringlei",12730,"Molecular"
30,"californicus","Gothic.Spires","2015-06-04","Delphinium gracile",9348,"Molecular"
30,"californicus","Gothic.Spires","2015-06-04","Erigeron grandiflorus",7517,"Molecular"
30,"californicus","Gothic.Spires","2015-06-04","Cynoglossum anchusoides",6452,"Molecular"
30,"californicus","Gothic.Spires","2015-06-04","Cynoglossum anchusoides",6452,"Molecular"
NA,"californicus","Gothic.Spires","2015-07-07","Vicia americana",1,"Field"
NA,"californicus","Rosy.Hills","2015-05-31","Mertensia fusiformis",2,"Field"
NA,"californicus","Rosy.Hills","2015-06-02","Mertensia fusiformis",2,"Field"
NA,"californicus","Rosy.Hills","2015-06-08","Delphinium nuttallianum",3,"Field"
NA,"californicus","Rosy.Hills","2015-06-14","Delphinium nuttallianum",7,"Field"
NA,"californicus","Rosy.Hills","2015-06-14","Lathyrus lanszwertii",1,"Field"
NA,"californicus","Rosy.Hills","2015-06-18","Delphinium nuttallianum",5,"Field"
NA,"californicus","Rosy.Hills","2015-06-20","Delphinium nuttallianum",1,"Field"
NA,"californicus","Rosy.Hills","2015-06-23","Delphinium nuttallianum",2,"Field"
NA,"californicus","Rosy.Hills","2015-06-23","Lathyrus lanszwertii",1,"Field"
NA,"californicus","Rosy.Hills","2015-06-23","Lupinus sericeus",1,"Field"
NA,"californicus","Rosy.Hills","2015-07-09","Delphinium barbeyi",1,"Field"
NA,"californicus","Stormy.Pass","2015-06-21","Delphinium nuttallianum",1,"Field"
NA,"californicus","Stormy.Pass","2015-06-30","Delphinium barbeyi",1,"Field"
NA,"centralis","Frogs.Pond","2015-06-15","Hydrophyllum fendleri",1,"Field"
NA,"centralis","Rosy.Hills","2015-06-14","Hydrophyllum fendleri",1,"Field"
NA,"flavifrons","Avery.Wash","2015-06-07","Mertensia fusiformis",2,"Field"
NA,"flavifrons","Avery.Wash","2015-06-17","Delphinium nuttallianum",6,"Field"
NA,"flavifrons","Avery.Wash","2015-06-17","Hydrophyllum fendleri",3,"Field"
NA,"flavifrons","Avery.Wash","2015-06-19","Delphinium nuttallianum",1,"Field"
NA,"flavifrons","Avery.Wash","2015-06-19","Lonciera involucrata",1,"Field"
NA,"flavifrons","Avery.Wash","2015-06-19","Hydrophyllum fendleri",3,"Field"
32,"flavifrons","Avery.Wash","2015-06-19","C",1564,"Microscopy"
32,"flavifrons","Avery.Wash","2015-06-19","ASTERACEAE_2",1,"Microscopy"
32,"flavifrons","Avery.Wash","2015-06-19","UNKNOWN",1,"Microscopy"
32,"flavifrons","Avery.Wash","2015-06-19","MERTENSIA",2,"Microscopy"
35,"flavifrons","Avery.Wash","2015-06-19","ROSACEAE",699,"Microscopy"
35,"flavifrons","Avery.Wash","2015-06-19","B",1,"Microscopy"
35,"flavifrons","Avery.Wash","2015-06-19","UNKNOWN",7,"Microscopy"
35,"flavifrons","Avery.Wash","2015-06-19","MERTENSIA",4,"Microscopy"
35,"flavifrons","Avery.Wash","2015-06-19","ASTERACEAE_1",1,"Microscopy"
35,"flavifrons","Avery.Wash","2015-06-19","ASTERACEAE_2",1,"Microscopy"
35,"flavifrons","Avery.Wash","2015-06-19","C",38,"Microscopy"
32,"flavifrons","Avery.Wash","2015-06-19","Delphinium barbeyi",60571,"Molecular"
32,"flavifrons","Avery.Wash","2015-06-19","Delphinium nuttallianum",36104,"Molecular"
32,"flavifrons","Avery.Wash","2015-06-19","Delphinium gracile",18758,"Molecular"
32,"flavifrons","Avery.Wash","2015-06-19","Trollius europaeus",1902,"Molecular"
32,"flavifrons","Avery.Wash","2015-06-19","Cynoglossum amplifolium",1638,"Molecular"
32,"flavifrons","Avery.Wash","2015-06-19","Cynoglossum amplifolium",1638,"Molecular"
32,"flavifrons","Avery.Wash","2015-06-19","Hydrophyllum canadense",1499,"Molecular"
32,"flavifrons","Avery.Wash","2015-06-19","Caltha palustris",1328,"Molecular"
32,"flavifrons","Avery.Wash","2015-06-19","Populus alba",1305,"Molecular"
32,"flavifrons","Avery.Wash","2015-06-19","Thalictrum tuberosum",1010,"Molecular"
35,"flavifrons","Avery.Wash","2015-06-19","Delphinium barbeyi",85764,"Molecular"
35,"flavifrons","Avery.Wash","2015-06-19","Delphinium nuttallianum",52561,"Molecular"
35,"flavifrons","Avery.Wash","2015-06-19","Delphinium gracile",22507,"Molecular"
35,"flavifrons","Avery.Wash","2015-06-19","Viola odorata",2981,"Molecular"
35,"flavifrons","Avery.Wash","2015-06-19","Trollius europaeus",2376,"Molecular"
35,"flavifrons","Avery.Wash","2015-06-19","Dasiphora fruticosa",1655,"Molecular"
35,"flavifrons","Avery.Wash","2015-06-19","Caltha palustris",1498,"Molecular"
35,"flavifrons","Avery.Wash","2015-06-19","Mertensia fusiformis",1487,"Molecular"
35,"flavifrons","Avery.Wash","2015-06-19","Aquilegia ecalcarata",1169,"Molecular"
35,"flavifrons","Avery.Wash","2015-06-19","Hydrophyllum canadense",1080,"Molecular"
43,"flavifrons","Avery.Wash","2015-06-20","MERTENSIA",16825,"Microscopy"
43,"flavifrons","Avery.Wash","2015-06-20","C",259,"Microscopy"
43,"flavifrons","Avery.Wash","2015-06-20","GERANIUM",138,"Microscopy"
43,"flavifrons","Avery.Wash","2015-06-20","UNKNOWN",0,"Microscopy"
43,"flavifrons","Avery.Wash","2015-06-20","ASTERACEAE_2",1,"Microscopy"
43,"flavifrons","Avery.Wash","2015-06-20","Mertensia ciliata",48329,"Molecular"
43,"flavifrons","Avery.Wash","2015-06-20","Mertensia fusiformis",25975,"Molecular"
43,"flavifrons","Avery.Wash","2015-06-20","Hydrophyllum fendleri",11728,"Molecular"
43,"flavifrons","Avery.Wash","2015-06-20","Lupinus argenteus",5472,"Molecular"
43,"flavifrons","Avery.Wash","2015-06-20","Erigeron grandiflorus",3974,"Molecular"
43,"flavifrons","Avery.Wash","2015-06-20","Epilobium canum",3260,"Molecular"
43,"flavifrons","Avery.Wash","2015-06-20","Hydrophyllum canadense",2346,"Molecular"
43,"flavifrons","Avery.Wash","2015-06-20","Lupinus sericeus",1910,"Molecular"
43,"flavifrons","Avery.Wash","2015-06-20","Taraxacum officinale",1334,"Molecular"
43,"flavifrons","Avery.Wash","2015-06-20","Cynoglossum pringlei",861,"Molecular"
43,"flavifrons","Avery.Wash","2015-06-20","Cynoglossum pringlei",861,"Molecular"
NA,"flavifrons","Avery.Wash","2015-06-26","Delphinium nuttallianum",1,"Field"
NA,"flavifrons","Avery.Wash","2015-06-26","Hydrophyllum fendleri",2,"Field"
NA,"flavifrons","Avery.Wash","2015-06-26","Mertensia ciliata",1,"Field"
NA,"flavifrons","Avery.Wash","2015-07-02","Hydrophyllum fendleri",2,"Field"
NA,"flavifrons","Avery.Wash","2015-07-02","Mertensia ciliata",1,"Field"
NA,"flavifrons","Avery.Wash","2015-07-10","Helianthella quinquenervis",1,"Field"
NA,"flavifrons","Avery.Wash","2015-07-10","Mertensia ciliata",2,"Field"
NA,"flavifrons","Avery.Wash","2015-07-10","Vicia americana",3,"Field"
NA,"flavifrons","Avery.Wash","2015-07-16","Vicia americana",2,"Field"
NA,"flavifrons","Avery.Wash","2015-07-27","Senecio bigelovii",1,"Field"
NA,"flavifrons","Copper.Creek","2015-06-04","Hydrophyllum capitatum",1,"Field"
NA,"flavifrons","Copper.Creek","2015-06-04","Mertensia fusiformis",1,"Field"
NA,"flavifrons","Copper.Creek","2015-06-15","Delphinium nuttallianum",3,"Field"
NA,"flavifrons","Copper.Creek","2015-06-15","Hydrophyllum capitatum",1,"Field"
NA,"flavifrons","Copper.Creek","2015-06-15","Hydrophyllum fendleri",1,"Field"
33,"flavifrons","Copper.Creek","2015-06-15","C",352,"Microscopy"
33,"flavifrons","Copper.Creek","2015-06-15","MERTENSIA",367,"Microscopy"
33,"flavifrons","Copper.Creek","2015-06-15","A",52,"Microscopy"
33,"flavifrons","Copper.Creek","2015-06-15","ROSACEAE",6,"Microscopy"
33,"flavifrons","Copper.Creek","2015-06-15","UNKNOWN",6,"Microscopy"
33,"flavifrons","Copper.Creek","2015-06-15","D",3,"Microscopy"
33,"flavifrons","Copper.Creek","2015-06-15","Delphinium nuttallianum",46,"Molecular"
33,"flavifrons","Copper.Creek","2015-06-15","Delphinium barbeyi",46,"Molecular"
33,"flavifrons","Copper.Creek","2015-06-15","Populus alba",20,"Molecular"
33,"flavifrons","Copper.Creek","2015-06-15","Thalictrum tuberosum",16,"Molecular"
33,"flavifrons","Copper.Creek","2015-06-15","Mertensia ciliata",14,"Molecular"
33,"flavifrons","Copper.Creek","2015-06-15","Symphyotrichum foliaceum",10,"Molecular"
33,"flavifrons","Copper.Creek","2015-06-15","Lupinus argenteus",8,"Molecular"
33,"flavifrons","Copper.Creek","2015-06-15","Hydrophyllum fendleri",5,"Molecular"
33,"flavifrons","Copper.Creek","2015-06-15","Aquilegia ecalcarata",5,"Molecular"
33,"flavifrons","Copper.Creek","2015-06-15","Hydrophyllum canadense",4,"Molecular"
33,"flavifrons","Copper.Creek","2015-06-15","Viola odorata",4,"Molecular"
NA,"flavifrons","Copper.Creek","2015-06-22","Hydrophyllum fendleri",3,"Field"
36,"flavifrons","Copper.Creek","2015-06-22","C",224,"Microscopy"
36,"flavifrons","Copper.Creek","2015-06-22","ROSACEAE",564,"Microscopy"
36,"flavifrons","Copper.Creek","2015-06-22","A",98,"Microscopy"
36,"flavifrons","Copper.Creek","2015-06-22","D",2,"Microscopy"
36,"flavifrons","Copper.Creek","2015-06-22","MERTENSIA",5,"Microscopy"
36,"flavifrons","Copper.Creek","2015-06-22","CONIFER",1,"Microscopy"
36,"flavifrons","Copper.Creek","2015-06-22","UNKNOWN",1,"Microscopy"
36,"flavifrons","Copper.Creek","2015-06-22","Delphinium nuttallianum",14722,"Molecular"
36,"flavifrons","Copper.Creek","2015-06-22","Delphinium barbeyi",8677,"Molecular"
36,"flavifrons","Copper.Creek","2015-06-22","Lupinus argenteus",6828,"Molecular"
36,"flavifrons","Copper.Creek","2015-06-22","Lupinus sericeus",6657,"Molecular"
36,"flavifrons","Copper.Creek","2015-06-22","Hydrophyllum fendleri",3881,"Molecular"
36,"flavifrons","Copper.Creek","2015-06-22","Mertensia ciliata",3268,"Molecular"
36,"flavifrons","Copper.Creek","2015-06-22","Erigeron grandiflorus",1557,"Molecular"
36,"flavifrons","Copper.Creek","2015-06-22","Cynoglossum amplifolium",1242,"Molecular"
36,"flavifrons","Copper.Creek","2015-06-22","Cynoglossum amplifolium",1242,"Molecular"
36,"flavifrons","Copper.Creek","2015-06-22","Populus alba",1191,"Molecular"
NA,"flavifrons","Copper.Creek","2015-06-28","Hydrophyllum fendleri",4,"Field"
NA,"flavifrons","Copper.Creek","2015-06-28","Lupinus sericeus",1,"Field"
NA,"flavifrons","Copper.Creek","2015-07-09","Delphinium barbeyi",1,"Field"
NA,"flavifrons","Copper.Creek","2015-07-09","Hydrophyllum fendleri",1,"Field"
NA,"flavifrons","Copper.Creek","2015-07-09","Vicia americana",1,"Field"
NA,"flavifrons","Copper.Creek","2015-07-14","Delphinium barbeyi",1,"Field"
NA,"flavifrons","Copper.Creek","2015-07-14","Lupinus sericeus",1,"Field"
NA,"flavifrons","Copper.Creek","2015-07-14","Vicia americana",1,"Field"
NA,"flavifrons","Copper.Creek","2015-07-23","Delphinium barbeyi",1,"Field"
NA,"flavifrons","Frogs.Pond","2015-06-02","Mertensia fusiformis",2,"Field"
NA,"flavifrons","Frogs.Pond","2015-06-04","Mertensia fusiformis",4,"Field"
NA,"flavifrons","Frogs.Pond","2015-06-08","Mertensia fusiformis",3,"Field"
37,"flavifrons","Frogs.Pond","2015-06-11","A",327,"Microscopy"
37,"flavifrons","Frogs.Pond","2015-06-11","C",48,"Microscopy"
37,"flavifrons","Frogs.Pond","2015-06-11","MERTENSIA",4,"Microscopy"
37,"flavifrons","Frogs.Pond","2015-06-11","UNKNOWN",1,"Microscopy"
NA,"flavifrons","Frogs.Pond","2015-06-12","Hydrophyllum fendleri",6,"Field"
NA,"flavifrons","Frogs.Pond","2015-06-15","Hydrophyllum fendleri",5,"Field"
NA,"flavifrons","Frogs.Pond","2015-06-15","Lupinus sericeus",1,"Field"
NA,"flavifrons","Frogs.Pond","2015-06-18","Frasera speciosa",1,"Field"
NA,"flavifrons","Frogs.Pond","2015-06-18","Hydrophyllum fendleri",3,"Field"
NA,"flavifrons","Frogs.Pond","2015-06-18","Lupinus sericeus",1,"Field"
NA,"flavifrons","Frogs.Pond","2015-06-22","Hydrophyllum fendleri",1,"Field"
NA,"flavifrons","Frogs.Pond","2015-06-22","Mertensia ciliata",1,"Field"
NA,"flavifrons","Frogs.Pond","2015-06-28","Mertensia ciliata",1,"Field"
41,"flavifrons","Frogs.Pond","2015-06-28","MERTENSIA",10033,"Microscopy"
41,"flavifrons","Frogs.Pond","2015-06-28","C",365,"Microscopy"
41,"flavifrons","Frogs.Pond","2015-06-28","B",2,"Microscopy"
41,"flavifrons","Frogs.Pond","2015-06-28","UNKNOWN",10,"Microscopy"
41,"flavifrons","Frogs.Pond","2015-06-28","CONIFER",1,"Microscopy"
41,"flavifrons","Frogs.Pond","2015-06-28","A",1,"Microscopy"
41,"flavifrons","Frogs.Pond","2015-06-28","Mertensia fusiformis",155213,"Molecular"
41,"flavifrons","Frogs.Pond","2015-06-28","Mertensia ciliata",110749,"Molecular"
41,"flavifrons","Frogs.Pond","2015-06-28","Lupinus argenteus",91466,"Molecular"
41,"flavifrons","Frogs.Pond","2015-06-28","Cynoglossum pringlei",22166,"Molecular"
41,"flavifrons","Frogs.Pond","2015-06-28","Cynoglossum pringlei",22166,"Molecular"
41,"flavifrons","Frogs.Pond","2015-06-28","Erigeron grandiflorus",14804,"Molecular"
41,"flavifrons","Frogs.Pond","2015-06-28","Cynoglossum anchusoides",13465,"Molecular"
41,"flavifrons","Frogs.Pond","2015-06-28","Cynoglossum anchusoides",13465,"Molecular"
41,"flavifrons","Frogs.Pond","2015-06-28","Cynoglossum amplifolium",11075,"Molecular"
41,"flavifrons","Frogs.Pond","2015-06-28","Cynoglossum amplifolium",11075,"Molecular"
NA,"flavifrons","Frogs.Pond","2015-07-15","Helianthella quinquenervis",1,"Field"
NA,"flavifrons","Frogs.Pond","2015-07-15","Hydrophyllum fendleri",1,"Field"
NA,"flavifrons","Frogs.Pond","2015-07-15","Vicia americana",1,"Field"
NA,"flavifrons","Frogs.Pond","2015-07-23","Delphinium barbeyi",4,"Field"
NA,"flavifrons","Gothic.Spires","2015-06-02","Erythronium grandiflorum",1,"Field"
42,"flavifrons","Gothic.Spires","2015-06-14","C",381,"Microscopy"
42,"flavifrons","Gothic.Spires","2015-06-14","MERTENSIA",130,"Microscopy"
42,"flavifrons","Gothic.Spires","2015-06-14","UNKNOWN",3,"Microscopy"
42,"flavifrons","Gothic.Spires","2015-06-14","Delphinium barbeyi",19980,"Molecular"
42,"flavifrons","Gothic.Spires","2015-06-14","Delphinium nuttallianum",15563,"Molecular"
42,"flavifrons","Gothic.Spires","2015-06-14","Delphinium gracile",4772,"Molecular"
42,"flavifrons","Gothic.Spires","2015-06-14","Arenaria globiflora",2036,"Molecular"
42,"flavifrons","Gothic.Spires","2015-06-14","Mertensia fusiformis",2007,"Molecular"
42,"flavifrons","Gothic.Spires","2015-06-14","Holodiscus argenteus",1577,"Molecular"
42,"flavifrons","Gothic.Spires","2015-06-14","Scabrethia scabra",1445,"Molecular"
42,"flavifrons","Gothic.Spires","2015-06-14","Scabrethia scabra",1445,"Molecular"
42,"flavifrons","Gothic.Spires","2015-06-14","Sagina procumbens",1343,"Molecular"
42,"flavifrons","Gothic.Spires","2015-06-14","Rhodiola rosea",1053,"Molecular"
NA,"flavifrons","Gothic.Spires","2015-06-17","Delphinium nuttallianum",4,"Field"
NA,"flavifrons","Gothic.Spires","2015-06-17","Hydrophyllum capitatum",2,"Field"
NA,"flavifrons","Gothic.Spires","2015-06-17","Mertensia ciliata",1,"Field"
39,"flavifrons","Gothic.Spires","2015-06-18","C",798,"Microscopy"
39,"flavifrons","Gothic.Spires","2015-06-18","MERTENSIA",3,"Microscopy"
39,"flavifrons","Gothic.Spires","2015-06-18","UNKNOWN",3,"Microscopy"
39,"flavifrons","Gothic.Spires","2015-06-18","Delphinium barbeyi",43284,"Molecular"
39,"flavifrons","Gothic.Spires","2015-06-18","Delphinium nuttallianum",27134,"Molecular"
39,"flavifrons","Gothic.Spires","2015-06-18","Delphinium gracile",12847,"Molecular"
39,"flavifrons","Gothic.Spires","2015-06-18","Hydrophyllum canadense",1544,"Molecular"
39,"flavifrons","Gothic.Spires","2015-06-18","Trollius europaeus",1452,"Molecular"
39,"flavifrons","Gothic.Spires","2015-06-18","Caltha palustris",862,"Molecular"
39,"flavifrons","Gothic.Spires","2015-06-18","Thalictrum tuberosum",783,"Molecular"
39,"flavifrons","Gothic.Spires","2015-06-18","Aquilegia ecalcarata",697,"Molecular"
39,"flavifrons","Gothic.Spires","2015-06-18","Dasiphora fruticosa",478,"Molecular"
39,"flavifrons","Gothic.Spires","2015-06-18","Taraxacum officinale",429,"Molecular"
NA,"flavifrons","Gothic.Spires","2015-06-19","Delphinium nuttallianum",1,"Field"
NA,"flavifrons","Gothic.Spires","2015-06-19","Hydrophyllum fendleri",2,"Field"
NA,"flavifrons","Gothic.Spires","2015-06-26","Delphinium nuttallianum",2,"Field"
NA,"flavifrons","Gothic.Spires","2015-07-07","Aconitum columbianum",5,"Field"
NA,"flavifrons","Gothic.Spires","2015-07-07","Delphinium barbeyi",1,"Field"
NA,"flavifrons","Gothic.Spires","2015-07-07","Mertensia ciliata",1,"Field"
NA,"flavifrons","Gothic.Spires","2015-07-07","Vicia americana",1,"Field"
NA,"flavifrons","Gothic.Spires","2015-07-10","Aconitum columbianum",1,"Field"
NA,"flavifrons","Gothic.Spires","2015-07-10","Delphinium barbeyi",2,"Field"
NA,"flavifrons","Gothic.Spires","2015-07-10","Vicia americana",2,"Field"
NA,"flavifrons","Gothic.Spires","2015-07-16","Aconitum columbianum",1,"Field"
NA,"flavifrons","Gothic.Spires","2015-07-16","Delphinium barbeyi",1,"Field"
NA,"flavifrons","Gothic.Spires","2015-07-27","Delphinium barbeyi",1,"Field"
NA,"flavifrons","Rosy.Hills","2015-06-04","Mertensia fusiformis",1,"Field"
NA,"flavifrons","Rosy.Hills","2015-06-08","Mertensia fusiformis",4,"Field"
NA,"flavifrons","Rosy.Hills","2015-06-14","Hydrophyllum fendleri",10,"Field"
NA,"flavifrons","Rosy.Hills","2015-06-18","Delphinium nuttallianum",1,"Field"
NA,"flavifrons","Rosy.Hills","2015-06-18","Hydrophyllum fendleri",2,"Field"
NA,"flavifrons","Rosy.Hills","2015-06-18","Lupinus sericeus",1,"Field"
NA,"flavifrons","Rosy.Hills","2015-06-20","Hydrophyllum fendleri",1,"Field"
NA,"flavifrons","Rosy.Hills","2015-06-28","Delphinium nuttallianum",1,"Field"
NA,"flavifrons","Rosy.Hills","2015-06-28","Hydrophyllum fendleri",1,"Field"
NA,"flavifrons","Rosy.Hills","2015-06-28","Lupinus sericeus",1,"Field"
40,"flavifrons","Rosy.Hills","2015-06-28","C",1172,"Microscopy"
40,"flavifrons","Rosy.Hills","2015-06-28","A",247,"Microscopy"
40,"flavifrons","Rosy.Hills","2015-06-28","UNKNOWN",4,"Microscopy"
40,"flavifrons","Rosy.Hills","2015-06-28","ROSACEAE",1,"Microscopy"
40,"flavifrons","Rosy.Hills","2015-06-28","Aquilegia ecalcarata",355254,"Molecular"
40,"flavifrons","Rosy.Hills","2015-06-28","Lupinus argenteus",108419,"Molecular"
40,"flavifrons","Rosy.Hills","2015-06-28","Hydrophyllum canadense",82143,"Molecular"
40,"flavifrons","Rosy.Hills","2015-06-28","Lupinus sericeus",49951,"Molecular"
40,"flavifrons","Rosy.Hills","2015-06-28","Hydrophyllum fendleri",18924,"Molecular"
40,"flavifrons","Rosy.Hills","2015-06-28","Vicia americana",16652,"Molecular"
40,"flavifrons","Rosy.Hills","2015-06-28","Taraxacum officinale",10436,"Molecular"
40,"flavifrons","Rosy.Hills","2015-06-28","Thalictrum tuberosum",6261,"Molecular"
40,"flavifrons","Rosy.Hills","2015-06-28","Viola odorata",5856,"Molecular"
40,"flavifrons","Rosy.Hills","2015-06-28","Thalictrum thalictroides",5006,"Molecular"
NA,"flavifrons","Rosy.Hills","2015-06-30","Vicia americana",1,"Field"
NA,"flavifrons","Rosy.Hills","2015-07-09","Vicia americana",1,"Field"
NA,"flavifrons","Stormy.Pass","2015-06-08","Mertensia fusiformis",1,"Field"
NA,"flavifrons","Stormy.Pass","2015-06-13","Delphinium nuttallianum",5,"Field"
NA,"flavifrons","Stormy.Pass","2015-06-13","Mertensia fusiformis",1,"Field"
NA,"flavifrons","Stormy.Pass","2015-06-13","Taraxacum officinale",1,"Field"
NA,"flavifrons","Stormy.Pass","2015-06-18","Delphinium nuttallianum",1,"Field"
NA,"flavifrons","Stormy.Pass","2015-06-18","Hydrophyllum fendleri",4,"Field"
NA,"flavifrons","Stormy.Pass","2015-06-18","Potentilla pulcherrima",1,"Field"
34,"flavifrons","Stormy.Pass","2015-06-18","C",1832,"Microscopy"
34,"flavifrons","Stormy.Pass","2015-06-18","UNKNOWN",2,"Microscopy"
34,"flavifrons","Stormy.Pass","2015-06-18","CONIFER",1,"Microscopy"
34,"flavifrons","Stormy.Pass","2015-06-18","MERTENSIA",1,"Microscopy"
NA,"flavifrons","Stormy.Pass","2015-06-21","Delphinium nuttallianum",1,"Field"
NA,"flavifrons","Stormy.Pass","2015-06-21","Mertensia ciliata",1,"Field"
NA,"flavifrons","Stormy.Pass","2015-06-25","Hydrophyllum fendleri",3,"Field"
NA,"flavifrons","Stormy.Pass","2015-06-25","Mertensia ciliata",1,"Field"
NA,"flavifrons","Stormy.Pass","2015-06-25","Potentilla pulcherrima",1,"Field"
NA,"flavifrons","Stormy.Pass","2015-06-30","Hydrophyllum fendleri",2,"Field"
NA,"flavifrons","Stormy.Pass","2015-06-30","Mertensia ciliata",2,"Field"
NA,"flavifrons","Stormy.Pass","2015-06-30","Thalictrum fendleri",1,"Field"
NA,"flavifrons","Stormy.Pass","2015-07-13","Hymenoxys hoopesii",1,"Field"
NA,"flavifrons","Stormy.Pass","2015-07-16","Cirsium parryi",1,"Field"
NA,"flavifrons","Stormy.Pass","2015-07-16","Delphinium barbeyi",2,"Field"
NA,"flavifrons","Stormy.Pass","2015-07-16","Vicia americana",1,"Field"
NA,"flavifrons","Stormy.Pass","2015-07-23","Delphinium barbeyi",4,"Field"
NA,"insularis","Copper.Creek","2015-07-09","Helianthella quinquenervis",4,"Field"
NA,"insularis","Copper.Creek","2015-07-14","Helianthella quinquenervis",2,"Field"
NA,"insularis","Frogs.Pond","2015-06-12","Taraxacum officinale",1,"Field"
NA,"insularis","Gothic.Spires","2015-06-26","Hydrophyllum fendleri",1,"Field"
NA,"insularis","Gothic.Spires","2015-07-10","Helianthella quinquenervis",1,"Field"
NA,"insularis","Rosy.Hills","2015-07-15","Wyethia arizonica",1,"Field"
NA,"kirbiellus","Stormy.Pass","2015-06-30","Mertensia ciliata",1,"Field"
44,"kirbiellus","Stormy.Pass","2015-06-30","MERTENSIA",19785,"Microscopy"
44,"kirbiellus","Stormy.Pass","2015-06-30","C",117,"Microscopy"
44,"kirbiellus","Stormy.Pass","2015-06-30","ERICACEAE",4,"Microscopy"
44,"kirbiellus","Stormy.Pass","2015-06-30","ROSACEAE",1,"Microscopy"
44,"kirbiellus","Stormy.Pass","2015-06-30","GERANIUM",13,"Microscopy"
44,"kirbiellus","Stormy.Pass","2015-06-30","A",1,"Microscopy"
44,"kirbiellus","Stormy.Pass","2015-06-30","UNKNOWN",2,"Microscopy"
44,"kirbiellus","Stormy.Pass","2015-06-30","ASTERACEAE_1",1,"Microscopy"
44,"kirbiellus","Stormy.Pass","2015-06-30","Delphinium barbeyi",49565,"Molecular"
44,"kirbiellus","Stormy.Pass","2015-06-30","Mertensia ciliata",47165,"Molecular"
44,"kirbiellus","Stormy.Pass","2015-06-30","Delphinium nuttallianum",33866,"Molecular"
44,"kirbiellus","Stormy.Pass","2015-06-30","Mertensia fusiformis",26976,"Molecular"
44,"kirbiellus","Stormy.Pass","2015-06-30","Delphinium gracile",12683,"Molecular"
44,"kirbiellus","Stormy.Pass","2015-06-30","Epilobium canum",6733,"Molecular"
44,"kirbiellus","Stormy.Pass","2015-06-30","Lupinus argenteus",5601,"Molecular"
44,"kirbiellus","Stormy.Pass","2015-06-30","Erigeron grandiflorus",4438,"Molecular"
44,"kirbiellus","Stormy.Pass","2015-06-30","Lupinus sericeus",2207,"Molecular"
44,"kirbiellus","Stormy.Pass","2015-06-30","Taraxacum officinale",1458,"Molecular"
NA,"melanopygus","Copper.Creek","2015-07-09","Helianthella quinquenervis",1,"Field"
NA,"mixtus","Avery.Wash","2015-07-16","Hymenoxys hoopesii",1,"Field"
NA,"mixtus","Frogs.Pond","2015-06-12","Hydrophyllum capitatum",1,"Field"
45,"mixtus","Frogs.Pond","2015-06-12","UNKNOWN",1,"Microscopy"
46,"mixtus","Frogs.Pond","2015-06-12","D",1573,"Microscopy"
46,"mixtus","Frogs.Pond","2015-06-12","MERTENSIA",624,"Microscopy"
45,"mixtus","Frogs.Pond","2015-06-12","Populus alba",23,"Molecular"
45,"mixtus","Frogs.Pond","2015-06-12","Lupinus argenteus",14,"Molecular"
45,"mixtus","Frogs.Pond","2015-06-12","Hydrophyllum fendleri",9,"Molecular"
45,"mixtus","Frogs.Pond","2015-06-12","Mertensia ciliata",8,"Molecular"
45,"mixtus","Frogs.Pond","2015-06-12","Erigeron grandiflorus",7,"Molecular"
45,"mixtus","Frogs.Pond","2015-06-12","Odontostemma leucasterium",7,"Molecular"
45,"mixtus","Frogs.Pond","2015-06-12","Odontostemma leucasterium",7,"Molecular"
45,"mixtus","Frogs.Pond","2015-06-12","Symphyotrichum foliaceum",3,"Molecular"
45,"mixtus","Frogs.Pond","2015-06-12","Taraxacum officinale",3,"Molecular"
45,"mixtus","Frogs.Pond","2015-06-12","Mertensia fusiformis",3,"Molecular"
45,"mixtus","Frogs.Pond","2015-06-12","Agastache pallidiflora",3,"Molecular"
45,"mixtus","Frogs.Pond","2015-06-12","Heterotheca villosa",3,"Molecular"
46,"mixtus","Frogs.Pond","2015-06-12","Populus alba",697843,"Molecular"
46,"mixtus","Frogs.Pond","2015-06-12","Mertensia fusiformis",50588,"Molecular"
46,"mixtus","Frogs.Pond","2015-06-12","Mertensia ciliata",19883,"Molecular"
46,"mixtus","Frogs.Pond","2015-06-12","Lupinus argenteus",16336,"Molecular"
46,"mixtus","Frogs.Pond","2015-06-12","Hydrophyllum canadense",12924,"Molecular"
46,"mixtus","Frogs.Pond","2015-06-12","Hydrophyllum fendleri",8129,"Molecular"
46,"mixtus","Frogs.Pond","2015-06-12","Erigeron grandiflorus",4293,"Molecular"
46,"mixtus","Frogs.Pond","2015-06-12","Cynoglossum pringlei",3826,"Molecular"
46,"mixtus","Frogs.Pond","2015-06-12","Cynoglossum pringlei",3826,"Molecular"
46,"mixtus","Frogs.Pond","2015-06-12","Cynoglossum anchusoides",2699,"Molecular"
46,"mixtus","Frogs.Pond","2015-06-12","Cynoglossum anchusoides",2699,"Molecular"
NA,"mixtus","Stormy.Pass","2015-06-18","Hydrophyllum fendleri",1,"Field"
NA,"mixtus","Stormy.Pass","2015-06-21","Hydrophyllum fendleri",2,"Field"
47,"mixtus","Stormy.Pass","2015-06-21","MERTENSIA",17420,"Microscopy"
47,"mixtus","Stormy.Pass","2015-06-21","C",95,"Microscopy"
47,"mixtus","Stormy.Pass","2015-06-21","UNKNOWN",2,"Microscopy"
47,"mixtus","Stormy.Pass","2015-06-21","CONIFER",1,"Microscopy"
47,"mixtus","Stormy.Pass","2015-06-21","ERICACEAE",1,"Microscopy"
NA,"mixtus","Stormy.Pass","2015-06-30","Hydrophyllum fendleri",1,"Field"
52,"nevadensis","Avery.Wash","2015-06-12","B",1641,"Microscopy"
52,"nevadensis","Avery.Wash","2015-06-12","C",336,"Microscopy"
52,"nevadensis","Avery.Wash","2015-06-12","D",1,"Microscopy"
52,"nevadensis","Avery.Wash","2015-06-12","MERTENSIA",11,"Microscopy"
52,"nevadensis","Avery.Wash","2015-06-12","UNKNOWN",26,"Microscopy"
52,"nevadensis","Avery.Wash","2015-06-12","Lupinus argenteus",45605,"Molecular"
52,"nevadensis","Avery.Wash","2015-06-12","Lupinus sericeus",27384,"Molecular"
52,"nevadensis","Avery.Wash","2015-06-12","Mertensia ciliata",10263,"Molecular"
52,"nevadensis","Avery.Wash","2015-06-12","Arenaria globiflora",3315,"Molecular"
52,"nevadensis","Avery.Wash","2015-06-12","Delphinium barbeyi",2890,"Molecular"
52,"nevadensis","Avery.Wash","2015-06-12","Scabrethia scabra",2815,"Molecular"
52,"nevadensis","Avery.Wash","2015-06-12","Scabrethia scabra",2815,"Molecular"
52,"nevadensis","Avery.Wash","2015-06-12","Mertensia fusiformis",2674,"Molecular"
52,"nevadensis","Avery.Wash","2015-06-12","Delphinium nuttallianum",2632,"Molecular"
52,"nevadensis","Avery.Wash","2015-06-12","Erigeron grandiflorus",2504,"Molecular"
NA,"nevadensis","Avery.Wash","2015-06-26","Hydrophyllum fendleri",1,"Field"
NA,"nevadensis","Copper.Creek","2015-06-15","Delphinium nuttallianum",2,"Field"
51,"nevadensis","Copper.Creek","2015-06-15","C",1477,"Microscopy"
51,"nevadensis","Copper.Creek","2015-06-15","UNKNOWN",1,"Microscopy"
51,"nevadensis","Copper.Creek","2015-06-15","B",27,"Microscopy"
51,"nevadensis","Copper.Creek","2015-06-15","Delphinium barbeyi",25209,"Molecular"
51,"nevadensis","Copper.Creek","2015-06-15","Delphinium nuttallianum",11957,"Molecular"
51,"nevadensis","Copper.Creek","2015-06-15","Delphinium gracile",5578,"Molecular"
51,"nevadensis","Copper.Creek","2015-06-15","Viola odorata",3341,"Molecular"
51,"nevadensis","Copper.Creek","2015-06-15","Lithophragma parviflorum",556,"Molecular"
51,"nevadensis","Copper.Creek","2015-06-15","Trollius europaeus",453,"Molecular"
51,"nevadensis","Copper.Creek","2015-06-15","Caltha palustris",413,"Molecular"
51,"nevadensis","Copper.Creek","2015-06-15","Helianthella quinquenervis",309,"Molecular"
51,"nevadensis","Copper.Creek","2015-06-15","Dasiphora fruticosa",282,"Molecular"
51,"nevadensis","Copper.Creek","2015-06-15","Aquilegia ecalcarata",238,"Molecular"
NA,"nevadensis","Copper.Creek","2015-07-14","Delphinium barbeyi",4,"Field"
48,"nevadensis","Copper.Creek","2015-07-14","C",880,"Microscopy"
48,"nevadensis","Copper.Creek","2015-07-14","UNKNOWN",1,"Microscopy"
NA,"nevadensis","Copper.Creek","2015-07-23","Delphinium barbeyi",1,"Field"
NA,"nevadensis","Frogs.Pond","2015-06-04","Mertensia fusiformis",1,"Field"
NA,"nevadensis","Frogs.Pond","2015-06-15","Frasera speciosa",1,"Field"
NA,"nevadensis","Frogs.Pond","2015-06-18","Frasera speciosa",2,"Field"
NA,"nevadensis","Frogs.Pond","2015-06-22","Frasera speciosa",1,"Field"
NA,"nevadensis","Frogs.Pond","2015-06-28","Frasera speciosa",2,"Field"
NA,"nevadensis","Frogs.Pond","2015-06-28","Lupinus sericeus",1,"Field"
NA,"nevadensis","Frogs.Pond","2015-06-29","Frasera speciosa",3,"Field"
NA,"nevadensis","Frogs.Pond","2015-06-29","Lathyrus lanszwertii",1,"Field"
NA,"nevadensis","Frogs.Pond","2015-07-09","Delphinium barbeyi",1,"Field"
49,"nevadensis","Frogs.Pond","2015-07-09","C",1325,"Microscopy"
49,"nevadensis","Frogs.Pond","2015-07-09","UNKNOWN",5,"Microscopy"
49,"nevadensis","Frogs.Pond","2015-07-09","MERTENSIA",5,"Microscopy"
49,"nevadensis","Frogs.Pond","2015-07-09","A",1,"Microscopy"
49,"nevadensis","Frogs.Pond","2015-07-09","APIACEAE",1,"Microscopy"
49,"nevadensis","Frogs.Pond","2015-07-09","Delphinium barbeyi",29330,"Molecular"
49,"nevadensis","Frogs.Pond","2015-07-09","Delphinium nuttallianum",9025,"Molecular"
49,"nevadensis","Frogs.Pond","2015-07-09","Delphinium gracile",4484,"Molecular"
49,"nevadensis","Frogs.Pond","2015-07-09","Viola odorata",3948,"Molecular"
49,"nevadensis","Frogs.Pond","2015-07-09","Lithophragma parviflorum",452,"Molecular"
49,"nevadensis","Frogs.Pond","2015-07-09","Arenaria globiflora",432,"Molecular"
49,"nevadensis","Frogs.Pond","2015-07-09","Trollius europaeus",384,"Molecular"
49,"nevadensis","Frogs.Pond","2015-07-09","Vicia americana",364,"Molecular"
49,"nevadensis","Frogs.Pond","2015-07-09","Caltha palustris",278,"Molecular"
49,"nevadensis","Frogs.Pond","2015-07-09","Aquilegia ecalcarata",194,"Molecular"
NA,"nevadensis","Frogs.Pond","2015-07-15","Delphinium barbeyi",1,"Field"
50,"nevadensis","Frogs.Pond","2015-07-15","C",615,"Microscopy"
50,"nevadensis","Frogs.Pond","2015-07-15","A",263,"Microscopy"
50,"nevadensis","Frogs.Pond","2015-07-15","B",17,"Microscopy"
50,"nevadensis","Frogs.Pond","2015-07-15","UNKNOWN",1,"Microscopy"
50,"nevadensis","Frogs.Pond","2015-07-15","ASTERACEAE_1",1,"Microscopy"
NA,"nevadensis","Gothic.Spires","2015-06-17","Delphinium nuttallianum",1,"Field"
NA,"nevadensis","Gothic.Spires","2015-07-07","Mertensia ciliata",2,"Field"
NA,"nevadensis","Rosy.Hills","2015-06-18","Delphinium nuttallianum",1,"Field"
NA,"nevadensis","Rosy.Hills","2015-06-20","Hydrophyllum fendleri",1,"Field"
NA,"nevadensis","Rosy.Hills","2015-06-23","Hydrophyllum fendleri",1,"Field"
NA,"rufocinctus","Avery.Wash","2015-07-02","Hydrophyllum fendleri",1,"Field"
NA,"rufocinctus","Avery.Wash","2015-07-10","Hymenoxys hoopesii",1,"Field"
NA,"rufocinctus","Copper.Creek","2015-06-04","Mertensia fusiformis",1,"Field"
NA,"rufocinctus","Copper.Creek","2015-06-08","Hydrophyllum capitatum",1,"Field"
NA,"rufocinctus","Copper.Creek","2015-06-22","Frasera speciosa",1,"Field"
NA,"rufocinctus","Copper.Creek","2015-06-22","Lupinus sericeus",2,"Field"
NA,"rufocinctus","Copper.Creek","2015-06-28","Lupinus sericeus",1,"Field"
NA,"rufocinctus","Copper.Creek","2015-07-14","Helianthella quinquenervis",1,"Field"
NA,"rufocinctus","Frogs.Pond","2015-06-02","Mertensia fusiformis",1,"Field"
NA,"rufocinctus","Frogs.Pond","2015-06-08","Mertensia fusiformis",1,"Field"
NA,"rufocinctus","Frogs.Pond","2015-06-12","Frasera speciosa",1,"Field"
NA,"rufocinctus","Frogs.Pond","2015-06-12","Taraxacum officinale",1,"Field"
NA,"rufocinctus","Frogs.Pond","2015-06-15","Frasera speciosa",1,"Field"
NA,"rufocinctus","Frogs.Pond","2015-06-15","Hydrophyllum fendleri",1,"Field"
NA,"rufocinctus","Frogs.Pond","2015-06-18","Hydrophyllum fendleri",1,"Field"
NA,"rufocinctus","Frogs.Pond","2015-06-18","Lupinus sericeus",5,"Field"
53,"rufocinctus","Frogs.Pond","2015-06-18","B",760,"Microscopy"
53,"rufocinctus","Frogs.Pond","2015-06-18","C",7,"Microscopy"
53,"rufocinctus","Frogs.Pond","2015-06-18","MERTENSIA",1,"Microscopy"
53,"rufocinctus","Frogs.Pond","2015-06-18","ASTERACEAE_1",1,"Microscopy"
NA,"rufocinctus","Frogs.Pond","2015-06-22","Hydrophyllum fendleri",2,"Field"
NA,"rufocinctus","Frogs.Pond","2015-06-22","Lupinus sericeus",5,"Field"
NA,"rufocinctus","Frogs.Pond","2015-06-28","Lupinus sericeus",1,"Field"
NA,"rufocinctus","Frogs.Pond","2015-06-29","Frasera speciosa",6,"Field"
NA,"rufocinctus","Frogs.Pond","2015-06-29","Hydrophyllum fendleri",1,"Field"
NA,"rufocinctus","Frogs.Pond","2015-06-29","Lupinus sericeus",3,"Field"
NA,"rufocinctus","Frogs.Pond","2015-07-09","Hydrophyllum fendleri",1,"Field"
NA,"rufocinctus","Frogs.Pond","2015-07-15","Frasera speciosa",1,"Field"
NA,"rufocinctus","Frogs.Pond","2015-07-15","Helianthella quinquenervis",1,"Field"
NA,"rufocinctus","Gothic.Spires","2015-06-02","Taraxacum officinale",1,"Field"
NA,"rufocinctus","Gothic.Spires","2015-06-07","Mertensia fusiformis",1,"Field"
NA,"rufocinctus","Gothic.Spires","2015-06-17","Valeriana occidentalis",1,"Field"
NA,"rufocinctus","Gothic.Spires","2015-06-19","Hydrophyllum fendleri",1,"Field"
NA,"rufocinctus","Rosy.Hills","2015-06-04","Mertensia fusiformis",1,"Field"
NA,"rufocinctus","Rosy.Hills","2015-06-14","Hydrophyllum fendleri",2,"Field"
NA,"rufocinctus","Rosy.Hills","2015-06-18","Hydrophyllum fendleri",4,"Field"
NA,"rufocinctus","Rosy.Hills","2015-06-20","Hydrophyllum fendleri",1,"Field"
NA,"rufocinctus","Rosy.Hills","2015-06-20","Lupinus sericeus",1,"Field"
NA,"rufocinctus","Rosy.Hills","2015-06-23","Frasera speciosa",1,"Field"
NA,"rufocinctus","Rosy.Hills","2015-06-23","Lupinus sericeus",1,"Field"
NA,"rufocinctus","Rosy.Hills","2015-06-28","Hydrophyllum fendleri",1,"Field"
NA,"rufocinctus","Rosy.Hills","2015-07-09","Helianthella quinquenervis",3,"Field"
NA,"rufocinctus","Stormy.Pass","2015-06-13","Mertensia fusiformis",1,"Field"
NA,"rufocinctus","Stormy.Pass","2015-06-25","Mertensia ciliata",2,"Field"
NA,"rufocinctus","Stormy.Pass","2015-06-30","Mertensia ciliata",1,"Field"
NA,"rufocinctus","Stormy.Pass","2015-07-13","Mertensia ciliata",1,"Field"
NA,"rufocinctus","Stormy.Pass","2015-07-16","Vicia americana",1,"Field"
NA,"rufocinctus","Stormy.Pass","2015-07-23","Hymenoxys hoopesii",1,"Field"
55,"rufocinctus.dark","Frogs.Pond","2015-06-18","C",220,"Microscopy"
55,"rufocinctus.dark","Frogs.Pond","2015-06-18","MERTENSIA",2756,"Microscopy"
55,"rufocinctus.dark","Frogs.Pond","2015-06-18","B",1180,"Microscopy"
55,"rufocinctus.dark","Frogs.Pond","2015-06-18","UNKNOWN",1,"Microscopy"
55,"rufocinctus.dark","Frogs.Pond","2015-06-18","CONIFER",1,"Microscopy"
56,"rufocinctus.dark","Frogs.Pond","2015-06-18","B",511,"Microscopy"
56,"rufocinctus.dark","Frogs.Pond","2015-06-18","C",225,"Microscopy"
56,"rufocinctus.dark","Frogs.Pond","2015-06-18","ASTERACEAE_1",1,"Microscopy"
56,"rufocinctus.dark","Frogs.Pond","2015-06-18","MERTENSIA",1,"Microscopy"
56,"rufocinctus.dark","Frogs.Pond","2015-06-18","UNKNOWN",1,"Microscopy"
55,"rufocinctus.dark","Frogs.Pond","2015-06-18","Mertensia fusiformis",171249,"Molecular"
55,"rufocinctus.dark","Frogs.Pond","2015-06-18","Lupinus argenteus",69708,"Molecular"
55,"rufocinctus.dark","Frogs.Pond","2015-06-18","Mertensia ciliata",50459,"Molecular"
55,"rufocinctus.dark","Frogs.Pond","2015-06-18","Delphinium barbeyi",38965,"Molecular"
55,"rufocinctus.dark","Frogs.Pond","2015-06-18","Delphinium nuttallianum",23212,"Molecular"
55,"rufocinctus.dark","Frogs.Pond","2015-06-18","Hydrophyllum canadense",19350,"Molecular"
55,"rufocinctus.dark","Frogs.Pond","2015-06-18","Cynoglossum pringlei",15992,"Molecular"
55,"rufocinctus.dark","Frogs.Pond","2015-06-18","Cynoglossum pringlei",15992,"Molecular"
55,"rufocinctus.dark","Frogs.Pond","2015-06-18","Cynoglossum anchusoides",9915,"Molecular"
55,"rufocinctus.dark","Frogs.Pond","2015-06-18","Cynoglossum anchusoides",9915,"Molecular"
56,"rufocinctus.dark","Frogs.Pond","2015-06-18","Hydrophyllum canadense",87597,"Molecular"
56,"rufocinctus.dark","Frogs.Pond","2015-06-18","Lupinus argenteus",73459,"Molecular"
56,"rufocinctus.dark","Frogs.Pond","2015-06-18","Lupinus sericeus",32940,"Molecular"
56,"rufocinctus.dark","Frogs.Pond","2015-06-18","Hydrophyllum fendleri",21700,"Molecular"
56,"rufocinctus.dark","Frogs.Pond","2015-06-18","Mertensia ciliata",2249,"Molecular"
56,"rufocinctus.dark","Frogs.Pond","2015-06-18","Lathyrus lanszwertii",2179,"Molecular"
56,"rufocinctus.dark","Frogs.Pond","2015-06-18","Symphyotrichum foliaceum",2024,"Molecular"
56,"rufocinctus.dark","Frogs.Pond","2015-06-18","Erigeron grandiflorus",1934,"Molecular"
56,"rufocinctus.dark","Frogs.Pond","2015-06-18","Nemophila menziesii",1522,"Molecular"
56,"rufocinctus.dark","Frogs.Pond","2015-06-18","Taraxacum officinale",1142,"Molecular"
57,"rufocinctus.dark","Frogs.Pond","2015-06-22","B",816,"Microscopy"
57,"rufocinctus.dark","Frogs.Pond","2015-06-22","C",128,"Microscopy"
57,"rufocinctus.dark","Frogs.Pond","2015-06-22","MERTENSIA",120,"Microscopy"
57,"rufocinctus.dark","Frogs.Pond","2015-06-22","ASTERACEAE_2",1,"Microscopy"
57,"rufocinctus.dark","Frogs.Pond","2015-06-22","UNKNOWN",2,"Microscopy"
58,"rufocinctus.dark","Frogs.Pond","2015-06-29","B",587,"Microscopy"
58,"rufocinctus.dark","Frogs.Pond","2015-06-29","C",152,"Microscopy"
58,"rufocinctus.dark","Frogs.Pond","2015-06-29","MERTENSIA",2,"Microscopy"
58,"rufocinctus.dark","Frogs.Pond","2015-06-29","UNKNOWN",1,"Microscopy"
59,"rufocinctus.dark","Rosy.Hills","2015-06-18","C",208,"Microscopy"
59,"rufocinctus.dark","Rosy.Hills","2015-06-18","ASTERACEAE_2",32,"Microscopy"
59,"rufocinctus.dark","Rosy.Hills","2015-06-18","MERTENSIA",178,"Microscopy"
61,"rufocinctus.orange","Frogs.Pond","2015-06-15","C",1931,"Microscopy"
61,"rufocinctus.orange","Frogs.Pond","2015-06-15","MERTENSIA",320,"Microscopy"
61,"rufocinctus.orange","Frogs.Pond","2015-06-15","B",7,"Microscopy"
61,"rufocinctus.orange","Frogs.Pond","2015-06-15","UNKNOWN",2,"Microscopy"
62,"rufocinctus.orange","Frogs.Pond","2015-06-18","C",1289,"Microscopy"
62,"rufocinctus.orange","Frogs.Pond","2015-06-18","B",119,"Microscopy"
62,"rufocinctus.orange","Frogs.Pond","2015-06-18","MERTENSIA",4,"Microscopy"
62,"rufocinctus.orange","Frogs.Pond","2015-06-18","UNKNOWN",3,"Microscopy"
62,"rufocinctus.orange","Frogs.Pond","2015-06-18","D",1,"Microscopy"
63,"rufocinctus.orange","Frogs.Pond","2015-06-22","B",671,"Microscopy"
63,"rufocinctus.orange","Frogs.Pond","2015-06-22","C",145,"Microscopy"
63,"rufocinctus.orange","Frogs.Pond","2015-06-22","UNKNOWN",2,"Microscopy"
63,"rufocinctus.orange","Frogs.Pond","2015-06-22","MERTENSIA",21,"Microscopy"
63,"rufocinctus.orange","Frogs.Pond","2015-06-22","ASTERACEAE_1",1,"Microscopy"
64,"rufocinctus.orange","Frogs.Pond","2015-06-24","B",462,"Microscopy"
64,"rufocinctus.orange","Frogs.Pond","2015-06-24","C",42,"Microscopy"
64,"rufocinctus.orange","Frogs.Pond","2015-06-24","UNKNOWN",1,"Microscopy"
60,"rufocinctus.orange","Frogs.Pond","2015-06-29","B",939,"Microscopy"
60,"rufocinctus.orange","Frogs.Pond","2015-06-29","C",1214,"Microscopy"
60,"rufocinctus.orange","Frogs.Pond","2015-06-29","ASTERACEAE_1",28,"Microscopy"
60,"rufocinctus.orange","Frogs.Pond","2015-06-29","MERTENSIA",2,"Microscopy"
60,"rufocinctus.orange","Frogs.Pond","2015-06-29","UNKNOWN",9,"Microscopy"
60,"rufocinctus.orange","Frogs.Pond","2015-06-29","D",1,"Microscopy"
60,"rufocinctus.orange","Frogs.Pond","2015-06-29","Lupinus argenteus",66600,"Molecular"
60,"rufocinctus.orange","Frogs.Pond","2015-06-29","Hydrophyllum canadense",52450,"Molecular"
60,"rufocinctus.orange","Frogs.Pond","2015-06-29","Lupinus sericeus",33638,"Molecular"
60,"rufocinctus.orange","Frogs.Pond","2015-06-29","Hydrophyllum fendleri",26463,"Molecular"
60,"rufocinctus.orange","Frogs.Pond","2015-06-29","Mertensia ciliata",6834,"Molecular"
60,"rufocinctus.orange","Frogs.Pond","2015-06-29","Aquilegia ecalcarata",2031,"Molecular"
60,"rufocinctus.orange","Frogs.Pond","2015-06-29","Erigeron grandiflorus",1778,"Molecular"
60,"rufocinctus.orange","Frogs.Pond","2015-06-29","Lathyrus lanszwertii",1517,"Molecular"
60,"rufocinctus.orange","Frogs.Pond","2015-06-29","Viola odorata",1034,"Molecular"
60,"rufocinctus.orange","Frogs.Pond","2015-06-29","Hydrophyllum capitatum",888,"Molecular"
65,"rufocinctus.orange","Stormy.Pass","2015-06-25","MERTENSIA",10418,"Microscopy"
65,"rufocinctus.orange","Stormy.Pass","2015-06-25","C",199,"Microscopy"
65,"rufocinctus.orange","Stormy.Pass","2015-06-25","D",2,"Microscopy"
65,"rufocinctus.orange","Stormy.Pass","2015-06-25","CONIFER",1,"Microscopy"
65,"rufocinctus.orange","Stormy.Pass","2015-06-25","Mertensia ciliata",45750,"Molecular"
65,"rufocinctus.orange","Stormy.Pass","2015-06-25","Mertensia fusiformis",25958,"Molecular"
65,"rufocinctus.orange","Stormy.Pass","2015-06-25","Hydrophyllum fendleri",10493,"Molecular"
65,"rufocinctus.orange","Stormy.Pass","2015-06-25","Viola odorata",9929,"Molecular"
65,"rufocinctus.orange","Stormy.Pass","2015-06-25","Lupinus argenteus",5251,"Molecular"
65,"rufocinctus.orange","Stormy.Pass","2015-06-25","Erigeron grandiflorus",4136,"Molecular"
65,"rufocinctus.orange","Stormy.Pass","2015-06-25","Cynoglossum amplifolium",3913,"Molecular"
65,"rufocinctus.orange","Stormy.Pass","2015-06-25","Cynoglossum amplifolium",3913,"Molecular"
65,"rufocinctus.orange","Stormy.Pass","2015-06-25","Populus alba",2929,"Molecular"
65,"rufocinctus.orange","Stormy.Pass","2015-06-25","Hydrophyllum canadense",1937,"Molecular"
NA,"sylvicola","Gothic.Spires","2015-06-26","Dodecatheon pulchellum",2,"Field"
66,"sylvicola","Gothic.Spires","2019-07-05","UNKNOWN",2426,"Microscopy"
66,"sylvicola","Gothic.Spires","2019-07-05","MERTENSIA",3440,"Microscopy"
66,"sylvicola","Gothic.Spires","2019-07-05","C",38,"Microscopy"
66,"sylvicola","Gothic.Spires","2019-07-05","ASTERACEAE_2",24,"Microscopy"
66,"sylvicola","Gothic.Spires","2019-07-05","PEDICULARIS",2,"Microscopy"
NA,"sylvicola","Rosy.Hills","2015-06-04","Mertensia fusiformis",1,"Field"
NA,"sylvicola","Rosy.Hills","2015-06-14","Mertensia fusiformis",1,"Field"
NA,"unknown","Copper.Creek","2015-06-08","Viola praemorsa",1,"Field"
NA,"unknown","Copper.Creek","2015-06-15","Valeriana occidentalis",1,"Field"
NA,"unknown","Copper.Creek","2015-06-22","Lupinus sericeus",2,"Field"
NA,"unknown","Frogs.Pond","2015-06-15","Senecio integerrimus",1,"Field"
NA,"unknown","Frogs.Pond","2015-06-18","Hydrophyllum fendleri",1,"Field"
NA,"unknown","Gothic.Spires","2015-06-07","Taraxacum officinale",1,"Field"
NA,"unknown","Gothic.Spires","2015-06-17","Taraxacum officinale",2,"Field"
NA,"unknown","Gothic.Spires","2015-06-26","Taraxacum officinale",1,"Field"
NA,"unknown","Rosy.Hills","2015-06-18","Hydrophyllum fendleri",1,"Field"
NA,"unknown","Stormy.Pass","2015-06-18","Mertensia ciliata",1,"Field"
NA,"unknown","Stormy.Pass","2015-06-21","Mertensia ciliata",1,"Field"
NA,"unknown","Stormy.Pass","2015-06-30","Hydrophyllum fendleri",1,"Field"
